"Organisation","gl11_q1_a/singleChoice","gl11_q1_b/singleChoice","gl11_q1_c_waste/singleChoice","gl11_q1_c_transport/singleChoice","gl11_q1_c_procurement/singleChoice","gl11_q1_c_water/singleChoice","gl11_q1_c_construction/singleChoice","gl11_q1_c_emissions/singleChoice","gl11_q1_c_community/singleChoice","gl11_q1_c_biodiversity/singleChoice","gl11_q1_c/singleChoice","gl11_q2_a_pt_sole/quantity","gl11_q2_b_ft_specific/quantity","gl11_q2_c_ft_partial/quantity","gl11_q2_d_ft_sole/quantity","gl11_q2/singleChoice","gl11_q2/quantity","gl11_q3_a_waste/singleChoice","gl11_q3_a_transport/singleChoice","gl11_q3_a_procurement/singleChoice","gl11_q3_a_energy/singleChoice","gl11_q3_a_water/singleChoice","gl11_q3_a_construction/singleChoice","gl11_q3_a_emissions/singleChoice","gl11_q3_a_biodiversity/singleChoice","gl11_q3_b/singleChoice","gl11_q4_a/singleChoice","gl11_q4_bc/singleChoice","gl11_q4_d/singleChoice","gl11_q5_a/singleChoice","gl11_q5_b/singleChoice","gl11_q5_c/singleChoice","gl11_q5_d/singleChoice","gl11_q5_e/singleChoice","gl11_q5_f/singleChoice","gl11_q6_a_fairtrade/gateway","gl11_q6_a_fairtrade/singleChoice","gl11_q6_a_fairtrade/multiChoice","gl11_q6_b/singleChoice","gl11_q6_c/singleChoice","gl11_q7_a/singleChoice","gl11_q7_b/singleChoice","gl11_q7_c_i/singleChoice","gl11_q7_c_ii_fish/singleChoice","gl11_q7_c_iii_veg/singleChoice","gl11_q7_c_iv_water/singleChoice","gl11_q7_c_v_award/singleChoice","gl11_q7_c/singleChoice","gl11_q8_a/singleChoice","gl11_q8_b/singleChoice","gl11_q8_c/singleChoice","gl11_q8_d/singleChoice","gl11_q8_e/singleChoice","gl11_q8_f/singleChoice","gl11_q8_g/singleChoice","gl11_q8_h/singleChoice","gl11_q8_i/singleChoice","gl11_q8_j/singleChoice","gl11_q8_k/singleChoice","gl11_q8_l/singleChoice","gl11_q8_m/singleChoice","gl11_q8/singleChoice","gl11_q9_a/singleChoice","gl11_q9_b/singleChoice","gl11_q9_c/singleChoice","gl11_q9_d/singleChoice","gl11_q9_e/singleChoice","gl11_q9/singleChoice","gl11_q10_1_energy_renewable_pc/singleChoice","gl11_q10_1_energy_renewable_pc/multiChoice","gl11_q10_1_energy_renewable_pc/quantity","gl11_q10_energy_total/singleChoice","gl11_q10_energy_total/multiChoice","gl11_q10_2_energy_chp/singleChoice","gl11_q10_2_energy_chp/multiChoice","gl11_q10_2_energy_chp/quantity","gl11_q10_3_energy_lzc/singleChoice","gl11_q10_3_energy_lzc/multiChoice","gl11_q10_3_energy_lzc/quantity","gl11_q11_waste_total/singleChoice","gl11_q11_waste_total/multiChoice","gl11_q11_1_waste_recycled/singleChoice","gl11_q11_1_waste_recycled/multiChoice","gl11_q11_1_waste_recycled/quantity","gl11_q11_2_waste_kgph/singleChoice","gl11_q11_2_waste_kgph/multiChoice","gl11_q11_2_waste_kgph/quantity","gl11_q12_carbon_total/singleChoice","gl11_q12_carbon_total/multiChoice","gl11_q12_1_carbon_ph/singleChoice","gl11_q12_1_carbon_ph/multiChoice","gl11_q12_1_carbon_ph/quantity","gl11_q12_2_carbon_reduction/singleChoice","gl11_q12_2_carbon_reduction/multiChoice","gl11_q12_2_carbon_reduction/quantity","gl11_q13_water_total/singleChoice","gl11_q13_water_total/multiChoice","gl11_q13_1_water_ph/singleChoice","gl11_q13_1_water_ph/multiChoice","gl11_q13_1_water_ph/quantity","gl11_q13_2_water_grey/singleChoice","gl11_q13_2_water_grey/multiChoice","gl11_q13_2_water_grey/quantity","gl11_total_score/singleChoice","gl11_total_score/quantity","gl11_rank/quantity","gl11_last_year_rank/quantity","gl11_class/singleChoice",""
"University of Aberdeen",1,2,"Yes","Yes","Yes","Yes","Yes","No","No","No",0,0,3,0,0,6,1.2,0.5,0.5,0,0.5,0.5,0.5,0,0,0,1,1,1,2,2,0,1,0.5,0,"Has achieved Fairtrade status",1,"",0.5,0,0,0,"Yes ","Yes","Yes","No","No",0.5,"Yes","Yes","Yes","Yes","No","Yes","Yes","No","No","Yes","Yes","No","No",3,"No","No","Yes","No","No",0,0," (Nb: value not an option listed in question defniition)",0,3,"",1,"",7622596,2,"",8.03,4,"",2,"",36.57,2,"",94.21,1,"",1,"",1791.3,0,"",-12.63,1,"",1,"",15.98,0,"",0,25,34,45,34,"2:1",""
"University of Abertay Dundee",0,2,"No","No","No","No","No","No","No","No",0,0,0,0,0,0,0,0.5,0.5,0,0.5,0,0,0,0,0,0,0,0,0,2,0,1,0,0,"",0,"MISSINGDATA",0,0,0,0,"No","No","No","No","No",0,"No","No","No","No","No","Yes","No","Yes","No","No","Yes","No","No",1,"No","No","Yes","No","No",0,1," (Nb: value not an option listed in question defniition)",10,1,"",0,"",0,0,"",0,0,"",0,"D73_C01_waste_total:No EMS data, D73_C01a_waste_recycled:No EMS data, LY_D73_C1_waste_total:No EMS Last Year, LY_D73_C1_waste_recycled:No EMS Last Year",0,0,"D73_C01_waste_total:No EMS data, D04_C04_students_fte_teaching:3887.4, D04_C07_students_fte_research:53.0, D05_C01_staff_fte:575.1, LY_D73_C1_waste_total:No EMS Last Year, LY_fte:4333.34",0,3,"",3,"",912.35,0,"D38c_C01_carbon_total:4119704, Baseline_2005_carbon:No 2005 baseline, LY_D38c_C1_carbon:3670512.17",0,4,"",4,"",4.14,0,"",0,7.5,15.5,131,119,"Fail",""
"Aberystwyth University",1,2,"No","No","No","No","Yes","No","No","Yes",0,0,1,0,0,4,0.6,0.5,0.5,0,0.5,0,0,0.5,0.5,0,0,0,0,2,0,0,0,0,0,"Has achieved Fairtrade status",1,"",0,0,0,0,"Yes ","Yes","Yes","No","No",0.5,"Yes","Yes","No","No","Yes","No","No","No","No","Yes","Yes","Yes","No",2,"Yes","No","No","No","Yes",1,0," (Nb: value not an option listed in question defniition)",0,0,"",0,"",0,0,"",0,6,"",3,"",54.29,3,"",85.02,2,"",2,"",1475.41,0,"",-11.98,0,"",0,"",23.87,0,"",0,16,24,108,87,"3rd",""
"Anglia Ruskin University",1,2,"No","No","Yes","No","Yes","Yes","Yes","No",0,0,1,0,2,6,1,0.5,0.5,0.5,0.5,0.5,0.5,0.5,0.5,4,0,0,0,2,2,0,0,0,0,"Has achieved Fairtrade status",1,"",0,0,0,0,"Yes ","Yes","Yes","Yes","No",1,"Yes","Yes","Yes","Yes","No","No","No","Yes","No","Yes","No","Yes","No",2,"No","No","Yes","Yes","No",1,1," (Nb: value not an option listed in question defniition)",21,1,"",0,"",0,0,"",0,3,"",2,"",43.44,1,"",194.84,6,"",6,"",504.4,0,"",-4.35,4,"",4,"",4.42,0,"",0,26,40,20,10,"1st",""
"Arts University College at Bournemouth",1,2,"No","Yes","No","No","No","No","No","No",0,0,0,0.8,0,6,1.4,0,0.5,0,0,0,0,0,0,0,0,0,0,0,0,0,0,0,0,"",0,"MISSINGDATA",0,0,0,0,"No","Yes","Yes","No","No",0.5,"No","Yes","Yes","No","No","Yes","No","No","No","Yes","No","No","No",1,"No","No","Yes","No","No",0,3," (Nb: value not an option listed in question defniition)",100,4,"",0,"",0,1,"",0.14,3,"",0,"",18.46,3,"",83.16,6,"",6,"",468.44,0,"",-13.73,4,"",4,"",2.32,0,"",0,11,28,87,0,"2:2",""
"Aston University",1,2,"Yes","Yes","Yes","Yes","Yes","Yes","Yes","Yes",2,0,1.75,0.5,2.2,8,2.6,0.5,0.5,0,0.5,0.5,0.5,0,0.5,3,1,1,0,2,2,0,0,0,0,"Has achieved Fairtrade status",1,"",0,0,0,0,"No","No","No","Yes","No",0,"No","Yes","Yes","Yes","No","Yes","Yes","Yes","Yes","Yes","No","No","No",3,"No","No","Yes","Yes","Yes",1,2," (Nb: value not an option listed in question defniition)",57.8,2,"",0,"",0,0,"",0,8,"",4,"",79.7,4,"",48.95,5,"",2,"",1431.62,3,"",15.09,4,"",4,"",3.78,0,"",0,30,49,4,5,"1st",""
"Bangor University",1,2,"Yes","Yes","Yes","Yes","Yes","Yes","No","Yes",0,0,0,0.5,1,4,0.8,0.5,0.5,0.5,0.5,0.5,0.5,0.5,0.5,3,0,0,1,2,2,0,0,0,0,"Has achieved Fairtrade status",1,"",0.5,0,0.5,0.5,"Yes ","Yes","No","No","No",0.5,"Yes","Yes","Yes","Yes","Yes","Yes","Yes","Yes","No","Yes","Yes","Yes","No",3,"No","Yes","Yes","No","No",1,1," (Nb: value not an option listed in question defniition)",15,3,"",1,"",264515,1,"",0.05,3,"",1,"",29.67,2,"",102.05,4,"",3,"",1175.7,1,"",4.76,2,"",1,"",14.55,1,"",0.157,26,38,28,17,"1st",""
"Bath Spa University",1,2,"Yes","Yes","Yes","Yes","Yes","Yes","Yes","Yes",2,0,1,0.5,2,8,3.1,0.5,0.5,0,0.5,0.5,0.5,0.5,0.5,4,0,0,0,2,2,0,0,0,0,"",0,"MISSINGDATA",0,0,0.5,0,"No","No","No","No","No",0,"Yes","Yes","Yes","Yes","Yes","No","Yes","Yes","Yes","No","Yes","Yes","No",3,"No","No","Yes","No","No",0,0," (Nb: value not an option listed in question defniition)",0,0,"",0,"",0,0,"",0,7,"",3,"",60.27,4,"",36.36,7,"",6,"",596.09,1,"",2.97,4,"",3,"",6.17,1,"",0.0053,28,46,6,11,"1st",""
"University of Bath",1,2,"Yes","Yes","Yes","Yes","Yes","Yes","Yes","Yes",2,0.5,2,0,1,6,1.5,0,0.5,0.5,0.5,0.5,0.5,0.5,0.5,0,0,1,0,2,2,0,1,0.5,0.5,"Has achieved Fairtrade status",1,"",0,0,0,0,"Yes ","Yes","Yes","No","No",0.5,"Yes","Yes","Yes","Yes","Yes","Yes","Yes","Yes","No","Yes","Yes","Yes","Yes",3,"No","No","No","No","No",0,2," (Nb: value not an option listed in question defniition)",86,4,"",1,"",520101,1,"",0.08,3,"",3,"",58.96,0,"",720.56,3,"",1,"",1698.38,2,"",6.3,0,"",0,"",23.05,0,"",0,26,36,37,77,"2:1",""
"University of Bedfordshire",1,2,"Yes","Yes","Yes","Yes","Yes","Yes","Yes","Yes",2,0,0,0.5,1,4,0.6,0.5,0.5,0.5,0.5,0.5,0.5,0.5,0.5,0,1,1,0,2,1,0,0,0.5,0,"",0,"MISSINGDATA",0,0,0.5,0.5,"No","Yes","Yes","No","No",0.5,"Yes","Yes","Yes","No","Yes","Yes","No","No","No","No","No","Yes","No",2,"Yes","No","Yes","No","No",1,0," (Nb: value not an option listed in question defniition)",0,0,"",0,"",0,0,"",0,3,"",2,"",44.77,1,"",172.51,5,"",5,"",613.74,0,"",-31.31,2,"",2,"",8.01,0,"",0,23,33,55,124,"2:1",""
"Birkbeck, University of London",1,2,"Yes","No","Yes","Yes","Yes","Yes","Yes","No",0,0.25,0,0,0,0,0.1,0.5,0,0,0.5,0.5,0,0,0,1,0,0,0,2,1,0,0,0,0,"",0,"MISSINGDATA",0,0,0,0,"Yes ","Yes","Yes","Yes","No",1,"No","Yes","Yes","No","No","Yes","No","No","No","Yes","Yes","No","No",2,"No","No","No","No","No",0,0," (Nb: value not an option listed in question defniition)",0,0,"",0,"",0,0,"",0,4,"",0,"",20.75,4,"",41.14,6,"",6,"",467.82,0,"",-22.07,4,"",4,"",2.38,0,"",0,11.5,25.5,102,89,"3rd",""
"Birmingham City University",1,2,"Yes","Yes","Yes","Yes","Yes","No","Yes","Yes",0,0,1.5,0,1,4,0.8,0.5,0.5,0.5,0.5,0.5,0,0.5,0.5,3,0,0,0,2,2,0,0,0,0,"",0,"MISSINGDATA",0.5,0,0,0,"No","Yes","No","No","No",0,"Yes","No","Yes","Yes","No","Yes","Yes","No","No","Yes","No","Yes","No",3,"No","Yes","Yes","Yes","No",1,0," (Nb: value not an option listed in question defniition)",0,0,"",0,"",0,0,"",0,4,"",4,"",88.36,0,"",539.28,5,"",4,"",744.74,1,"",2.54,3,"",3,"",6.08,0,"",0,22,34,45,29,"2:1",""
"University of Birmingham",1,2,"No","Yes","Yes","No","Yes","No","No","No",0,0.8,5.8,0,1,8,2.5,0.5,0.5,0,0.5,0.5,0,0,0,2,0,0,0,2,0,0,0,0,0,"Has achieved Fairtrade status",1,"",0,0,0,0,"No","No","No","No","No",0,"Yes","Yes","Yes","Yes","No","No","No","No","No","Yes","No","Yes","No",2,"No","No","No","No","No",0,0," (Nb: value not an option listed in question defniition)",0,1,"",1,"",72550270,0,"",0,3,"",2,"",44.34,1,"",182.8,4,"",1,"",1912.83,3,"",14.66,1,"",1,"",17.17,0,"",0,20,29,78,34,"2:2",""
"Bishop Grosseteste University College Lincoln",0,0,"No","No","No","No","No","No","No","No",0,0,0,0,0,0,0,0,0,0,0,0,0,0,0,0,0,0,0,0,0,0,0,0,0,"",0,"MISSINGDATA",0,0,0,0,"No","No","No","No","No",0,"No","No","No","No","No","No","No","No","No","No","No","No","No",0,"No","No","No","No","No",0,0," (Nb: value not an option listed in question defniition)",0,0,"",0,"",0,0,"",0,2,"",0,"",5.97,2,"",134.38,5,"",5,"",675.24,0,"",-14.42,3,"",3,"",6.3,0,"",0,0,0,0,0,"Did not sit exam",""
"University of Bolton",1,0,"No","No","No","No","No","No","No","No",0,0,0,0,0,0,0,0,0,0,0,0,0,0,0,0,0,0,0,0,0,0,0,0,0,"",0,"MISSINGDATA",0,0,0,0,"No","No","No","No","No",0,"No","No","No","No","No","No","No","No","No","No","No","No","No",0,"No","No","No","No","No",0,0," (Nb: value not an option listed in question defniition)",0,0,"",0,"",0,0,"",0,4,"",2,"",44.12,2,"",98.05,10,"",6,"",587.28,4,"",26,4,"",4,"",5.2,0,"",0,1,19,123,127,"Fail",""
"Bournemouth University",1,2,"Yes","Yes","Yes","Yes","Yes","Yes","Yes","Yes",2,0,2.5,0,2,6,1.8,0.5,0.5,0.5,0.5,0.5,0,0,0.5,3,1,0,0,2,2,0,0,0,0,"Has achieved Fairtrade status",1,"",0.5,0,0.5,0.5,"Yes ","Yes","Yes","No","No",0.5,"No","Yes","Yes","Yes","Yes","Yes","Yes","Yes","No","Yes","No","Yes","No",3,"No","Yes","Yes","Yes","Yes",2,0," (Nb: value not an option listed in question defniition)",0,1,"",0,"",0,1,"",0.01,5,"",2,"",43.08,3,"",57.2,5,"",5,"",607.96,0,"",-14.03,3,"",3,"",5.86,0,"",0,30,44,14,20,"1st",""
"University of Bradford",1,2,"Yes","Yes","Yes","Yes","Yes","Yes","Yes","Yes",2,0,1,0,2.5,6,1.6,0.5,0.5,0.5,0.5,0.5,0.5,0.5,0.5,1.5,1,1,0,2,2,0,0,0,0,"Has achieved Fairtrade status",1,"",0.5,0,0.5,0.5,"Yes ","Yes","Yes","No","No",0.5,"Yes","No","No","No","Yes","Yes","Yes","Yes","Yes","Yes","Yes","Yes","No",3,"Yes","Yes","No","Yes","Yes",2,1," (Nb: value not an option listed in question defniition)",35,1,"",0,"",0,0,"",0,5,"",4,"",82.55,1,"",195.83,4,"",3,"",1137.5,1,"",0.08,3,"",3,"",6.27,0,"",0,30.5,43.5,15,7,"1st",""
"University of Brighton",1,2,"Yes","Yes","Yes","Yes","Yes","No","Yes","No",0,0,1.5,1.2,0,4,0.9,0.5,0.5,0,0.5,0.5,0.5,0.5,0.5,0,1,1,1,2,2,0,0,0,0,"Has achieved Fairtrade status",1,"",0.5,0,0.5,0.5,"Yes ","No","Yes","No","No",0.5,"Yes","Yes","Yes","Yes","No","Yes","Yes","Yes","Yes","Yes","Yes","Yes","Yes",3,"Yes","Yes","Yes","Yes","Yes",2,2," (Nb: value not an option listed in question defniition)",85,4,"",1,"",62838,1,"",0.03,0,"",0,"",11.57,0,"",305.76,5,"",5,"",661.53,0,"",-14.6,5,"",4,"",4.93,1,"",0.0387,25.5,39.5,23,31,"1st",""
"University of Bristol",1,2,"Yes","Yes","Yes","Yes","Yes","No","No","No",0,0,5.5,0,1,8,2.2,0.5,0.5,0,0.5,0.5,0.5,0.5,0.5,3.5,0,0,0,2,0,0,0,0,0,"Has achieved Fairtrade status",1,"",0,0,0.5,0.5,"Yes ","No","Yes","No","No","Uncertain score","Yes","Yes","Yes","Yes","Yes","Yes","No","Yes","Yes","No","Yes","Yes","No",3,"No","No","Yes","No","No",0,0," (Nb: value not an option listed in question defniition)",0,1,"",1,"",12321088,0,"",0,3,"",2,"",38.01,1,"",138.53,0,"",0,"",2301.55,0,"",-13.47,0,"",0,"",19.81,0,"",0,25,29,78,32,"2:2",""
"Brunel University",1,2,"Yes","Yes","Yes","Yes","Yes","Yes","Yes","Yes",2,0,0,0,2,4,0.7,0.5,0.5,0,0.5,0.5,0.5,0.5,0.5,1,0,0,0,2,2,0,0,0,0,"Has achieved Fairtrade status",1,"",0.5,0,0.5,0.5,"Yes ","Yes","Yes","No","No",0.5,"Yes","No","No","Yes","Yes","Yes","Yes","Yes","Yes","No","No","Yes","No",3,"No","No","Yes","No","No",0,3," (Nb: value not an option listed in question defniition)",100,3,"",0,"",0,0,"",0,3,"",1,"",32.38,2,"",99.19,2,"",2,"",1441.52,0,"",-5.09,0,"",0,"",21.27,0,"",0,23.5,31.5,62,107,"2:1",""
"Buckinghamshire New University",1,2,"Yes","No","No","Yes","Yes","No","No","No",0,0,0,0,0,0,0,0,0,0,0,0,0,0,0,0,0,0,0,2,2,0,0,0,0,"Has achieved Fairtrade status",1,"",0,0,0,0,"Yes ","Yes","No","No","No",0.5,"Yes","No","No","No","No","No","No","No","No","No","No","No","Not Assessed yet",0,"Yes","No","Yes","No","No",1,2," (Nb: value not an option listed in question defniition)",49,2,"",0,"",0,0,"",0,1,"",0,"",21.98,1,"",159.31,9,"",5,"",702.12,4,"",27.67,4,"",4,"",4.79,0,"",0,9.5,25.5,102,113,"3rd",""
"University of Cambridge",1,2,"Yes","No","Yes","Yes","Yes","Yes","Yes","No",0,0,3,0,3,8,2,0.5,0.5,0,0.5,0.5,0.5,0.5,0.5,3,0,1,0,2,0,0,1,0.5,0.5,"",0,"MISSINGDATA",0,0,0,0,"No","No","No","No","No",0,"No","No","Yes","No","No","Yes","Yes","Yes","No","Yes","No","Yes","No",2,"No","No","No","No","No",0,0," (Nb: value not an option listed in question defniition)",0,2,"",1,"",1530000,1,"",0.09,1,"",1,"",29.26,0,"",307.5,0,"",0,"",2879.62,0,"",-9.3,3,"",2,"",11.99,1,"",0.0387,24.5,30.5,67,89,"2:2",""
"Canterbury Christ Church University",1,0,"Yes","Yes","Yes","Yes","Yes","Yes","No","No",0,0,2,0,1,6,1.3,0,0.5,0.5,0.5,0.5,0.5,0.5,0.5,2,1,1,0,2,2,0,1,0,0,"Has achieved Fairtrade status",1,"",0.5,0,0.5,0,"Yes ","No","Yes","Yes","Yes",0.5,"Yes","Yes","Yes","Yes","No","Yes","No","Yes","Yes","Yes","No","No","Yes",3,"No","Yes","Yes","No","Yes",1,0," (Nb: value not an option listed in question defniition)",0,0,"",0,"",0,0,"",0,4,"",1,"",25.12,3,"",64.19,5,"",5,"",696.94,0,"",-37.62,3,"",3,"",5.66,0,"",0,26,38,28,56,"1st",""
"Cardiff University",1,2,"Yes","Yes","Yes","No","Yes","Yes","Yes","No",0,1,0,0,0,0,0.3,0.5,0.5,0,0,0,0,0.5,0,0,0,0,0,0,0,0,0,0,0,"Has achieved Fairtrade status",1,"",0,0,0,0,"No","No","Yes","No","No",0,"Yes","Yes","Yes","No","No","Yes","No","No","No","No","No","No","No",1,"Yes","No","Yes","No","Yes",1,0," (Nb: value not an option listed in question defniition)",0,0,"",0,"",0,0,"",0,4,"",3,"",52.08,1,"",139.72,2,"",2,"",1359.23,0,"",-39.11,2,"",2,"",10.61,0,"",0,7.5,15.5,131,77,"Fail",""
"The Central School of Speech And Drama",0,0,"No","No","No","No","No","No","No","No",0,0,0,0,0,0,0,0,0,0,0,0,0,0,0,0,0,0,0,0,0,0,0,0,0,"",0,"MISSINGDATA",0,0,0,0,"No","No","No","No","No",0,"No","No","No","No","No","No","No","No","No","No","No","No","No",0,"No","No","No","No","No",0,0," (Nb: value not an option listed in question defniition)",0,0,"",0,"",0,0,"",0,4,"",3,"",60.2,1,"",207.02,4,"",4,"",726.84,0,"",-12.77,2,"",2,"",9.21,0,"",0,0,0,0,0,"Did not sit exam",""
"University of Chester",1,2,"No","No","Yes","No","Yes","No","No","Yes",0,0,0,0,0,0,0,0.5,0.5,0,0.5,0.5,0.5,0,0.5,0,1,0,0,2,0,0,0,0,0,"Has achieved Fairtrade status",1,"",0,0,0.5,0,"No","Yes","Yes","No","No",0.5,"No","No","Yes","Yes","No","Yes","No","Yes","No","Yes","No","Yes","No",2,"Yes","Yes","No","No","No",1,0," (Nb: value not an option listed in question defniition)",0,0,"",0,"",0,0,"",0,5,"",3,"",49.34,2,"",116.79,4,"",3,"",917.21,1,"",1.18,2,"",2,"",12.46,0,"",0,14,25,105,48,"3rd",""
"University of Chichester",1,2,"Yes","Yes","Yes","No","Yes","Yes","Yes","No",0,0.5,1,0.5,0,8,2.5,0.5,0.5,0,0.5,0,0.5,0.5,0.5,1,1,1,0,2,2,0,0,0,0,"Has achieved Fairtrade status",1,"",0.5,0,0.5,0.5,"Yes ","Yes","Yes","No","No",0.5,"No","Yes","No","No","Yes","Yes","Yes","No","Yes","No","Yes","Yes","No",2,"Yes","Yes","Yes","No","No",1,0," (Nb: value not an option listed in question defniition)",0,0,"",0,"",0,0,"",0,2,"",2,"",41.9,0,"",326.13,4,"",4,"",773.8,0,"",-29.25,2,"",2,"",10.37,0,"",0,27,35,41,82,"2:1",""
"City University London",1,2,"No","Yes","Yes","Yes","Yes","No","Yes","No",0,0,0,0,2,4,0.8,0.5,0.5,0,0.5,0.5,0,0,0,2,0,0,0,2,2,0,0,0,0,"",0,"MISSINGDATA",0,0,0.5,0.5,"Yes ","Yes","Yes","Yes","No",1,"No","Yes","Yes","No","No","No","Yes","No","Yes","Yes","Yes","Yes","No",2,"No","No","Yes","No","No",0,0," (Nb: value not an option listed in question defniition)",0,0,"",0,"",0,0,"",0,3,"",2,"",35.49,1,"",146.12,9,"",5,"",674.28,4,"",24.01,3,"",3,"",5.5,0,"",0,19,34,45,41,"2:1",""
"Courtauld Institute of Art",0,0,"No","No","No","No","No","No","No","No",0,0,0,0,0,0,0,0,0,0,0,0,0,0,0,0,0,0,0,0,0,0,0,0,0,"",0,"MISSINGDATA",0,0,0,0,"No","No","No","No","No",0,"No","No","No","No","No","No","No","No","No","No","No","No","No",0,"No","No","No","No","No",0,0," (Nb: value not an option listed in question defniition)",0,0,"",0,"",0,0,"",0,5,"",1,"",33.33,4,"",2.77,1,"",1,"",1685.42,0,"",-88.35,2,"",2,"",10.88,0,"",0,0,0,0,0,"Did not sit exam",""
"Coventry University",1,2,"Yes","Yes","Yes","Yes","Yes","No","Yes","No",0,0,1,0,2,6,1,0.5,0.5,0.5,0.5,0.5,0.5,0.5,0.5,0,0,0,0,2,2,0,0,0,0,"",0,"MISSINGDATA",0.5,0,0,0,"No","Yes","Yes","No","No",0.5,"Yes","Yes","Yes","Yes","No","Yes","Yes","Yes","No","Yes","No","Yes","No",3,"No","No","Yes","No","No",0,0," (Nb: value not an option listed in question defniition)",0,2,"",1,"",18457595,1,"",0.08,4,"",4,"",82.35,0,"",348.77,5,"",5,"",692.57,0,"",-6.49,4,"",4,"",4.77,0,"",0,21,36,37,53,"2:1",""
"Cranfield University",1,2,"No","No","No","No","Yes","No","No","No",0,0,2.5,0.5,1,8,7.5,0.5,0.5,0,0.5,0.5,0.5,0.5,0.5,4,0,0,0,2,2,0,0,0,0,"",0,"MISSINGDATA",0,0,0,0,"Yes ","Yes","Yes","No","No",0.5,"No","Yes","Yes","Yes","No","Yes","Yes","Yes","Yes","Yes","Yes","Yes","No",3,"No","No","No","No","No",0,2," (Nb: value not an option listed in question defniition)",65,2,"",0,"",0,0,"",0,2,"",1,"",31.66,1,"",211.36,0,"",0,"",3609.46,0,"",-10.95,0,"",0,"",40.13,0,"",0,26,30,72,43,"2:2",""
"University of Cumbria",1,2,"Yes","Yes","No","Yes","No","No","No","Yes",0,0.4,1,0,0,4,0.9,0,0.5,0,0.5,0.5,0,0.5,0.5,0,0,0,0,0,2,0,0,0,0,"",0,"MISSINGDATA",0,0,0,0,"No","No","Yes","No","No",0,"No","Yes","No","Yes","No","No","No","Yes","No","No","Yes","Yes","No",1,"No","No","Yes","No","No",0,0," (Nb: value not an option listed in question defniition)",0,2,"",0,"",0,2,"",2.83,2,"",1,"",32.89,1,"",252.89,3,"",3,"",943.38,0,"",-50.87,4,"",3,"",6.95,1,"",0.2018,12.5,23.5,111,131,"3rd",""
"De Montfort University",1,2,"No","Yes","Yes","No","Yes","No","Yes","No",0,1,2,0.5,1,6,1.5,0.5,0.5,0.5,0.5,0.5,0.5,0.5,0.5,0,0,1,0,2,1,1,1,0.5,0.5,"Has achieved Fairtrade status",1,"",0,0,0,0,"Yes ","Yes","Yes","No","No",0.5,"No","Yes","Yes","Yes","No","No","No","Yes","No","No","Yes","Yes","No",2,"No","No","No","No","Yes",0,0," (Nb: value not an option listed in question defniition)",0,1,"",0,"",0,1,"",0.46,7,"",3,"",47.15,4,"",47.28,7,"",5,"",655.11,2,"",7.97,5,"",4,"",3.4,1,"",0.5391,23.5,43.5,15,34,"1st",""
"University of Derby",1,2,"Yes","Yes","Yes","Yes","Yes","Yes","Yes","Yes",2,0,1,0.5,1,4,0.9,0.5,0.5,0.5,0.5,0.5,0,0.5,0.5,2,0,0,0,2,0,1,1,0,0.5,"Has achieved Fairtrade status",1,"",0,0,0,0,"No","No","No","No","No",0,"No","No","Yes","No","No","No","Yes","Yes","No","Yes","No","Yes","No",2,"Yes","Yes","Yes","Yes","No",2,0," (Nb: value not an option listed in question defniition)",0,0,"",0,"",0,0,"",0,5,"",4,"",69.41,1,"",162.2,6,"",6,"",536.68,0,"",-0.37,4,"",4,"",2.36,0,"",0,24,39,24,48,"1st",""
"University of Dundee",1,2,"Yes","Yes","No","Yes","Yes","No","No","No",0,0,1,0,1,4,0.9,0.5,0.5,0,0.5,0,0,0,0,0,0,1,1,2,2,1,1,0,0,"Has achieved Fairtrade status",1,"",0,0,0,0,"No","No","No","No","No",0,"No","Yes","Yes","No","Yes","Yes","No","No","Yes","Yes","Yes","Yes","Yes",3,"No","No","Yes","Yes","No",1,0," (Nb: value not an option listed in question defniition)",0,1,"",1,"",30685008,0,"",0,5,"",2,"",39.64,3,"",67.63,4,"",1,"",1760.08,3,"",18.24,1,"",1,"",13.79,0,"",0,21.5,32.5,56,48,"2:1",""
"Durham University",1,2,"Yes","Yes","Yes","Yes","Yes","Yes","Yes","Yes",2,0,3,1,2,8,2.1,0,0.5,0,0.5,0.5,0.5,0,0.5,3,1,1,0,2,2,0,0,0,0,"Has achieved Fairtrade status",1,"",0.5,0,0.5,0.5,"Yes ","Yes","Yes","Yes","No",1,"No","Yes","Yes","Yes","Yes","Yes","No","Yes","Yes","No","Yes","Yes","No",3,"No","No","No","No","No",0,0," (Nb: value not an option listed in question defniition)",0,0,"",0,"",0,0,"",0,4,"",4,"",82.21,0,"",407.93,0,"",0,"",2098.92,0,"",-14.45,0,"",0,"",25.05,0,"",0,31,35,41,43,"2:1",""
"University of East Anglia",1,2,"Yes","Yes","Yes","Yes","Yes","Yes","Yes","Yes",2,0,4,0,2,8,2.4,0.5,0.5,0.5,0.5,0.5,0.5,0.5,0.5,3,1,1,1,2,2,0,0,0,0,"Has achieved Fairtrade status",1,"",0,0,0,0.5,"No","No","No","No","No",0,"Yes","Yes","Yes","Yes","Yes","No","Yes","Yes","Yes","Yes","Yes","Yes","No",3,"Yes","No","Yes","No","Yes",1,0," (Nb: value not an option listed in question defniition)",0,2,"",1,"",54082820,1,"",0.03,5,"",2,"",42.36,3,"",84.06,5,"",2,"",1543.05,3,"",13.96,0,"",0,"",23.51,0,"",0,32.5,44.5,11,43,"1st",""
"Edge Hill University",1,2,"Yes","Yes","Yes","Yes","Yes","Yes","Yes","Yes",2,0,1,0.5,2,6,1.4,0.5,0.5,0,0.5,0.5,0.5,0.5,0.5,0,0,0,0,2,0,0,0,0,0,"",0,"MISSINGDATA",0,0,0,0,"No","No","No","No","No",0,"No","Yes","No","No","No","Yes","Yes","No","Yes","Yes","Yes","Yes","No",2,"No","No","No","No","No",0,0," (Nb: value not an option listed in question defniition)",0,3,"",1,"",2132,2,"",1.39,3,"",0,"",23.18,3,"",56.54,6,"",6,"",465.53,0,"",-23.79,3,"",3,"",5.54,0,"D38b_C01_water_total:76511, D77a_C01_water_grey:No EMS data, LY_D77a_water_grey:No EMS Last Year, LY_D38b_water_total:108088",0,18.5,33.5,53,98,"2:1",""
"University of Edinburgh",1,2,"Yes","Yes","Yes","Yes","Yes","Yes","Yes","Yes",2,0,6,0,1,8,2.3,0.5,0.5,0.5,0.5,0,0.5,0,0.5,0,1,1,0,2,0,0,0,0,0,"Has achieved Fairtrade status",1,"",0.5,0,0,0,"No","No","No","Yes","Yes",0.5,"Yes","Yes","Yes","Yes","Yes","No","Yes","No","Yes","Yes","Yes","Yes","No",3,"No","No","Yes","No","Yes",1,0," (Nb: value not an option listed in question defniition)",0,2,"",1,"",91544044,1,"",0.01,3,"",2,"",37.91,1,"",212.48,0,"",0,"",2130.61,0,"",-15.61,0,"",0,"",26.21,0,"",0,26,31,66,13,"2:2",""
"University of Essex",1,2,"No","No","No","No","Yes","No","No","No",0,0,2,0,1,6,1.6,0.5,0.5,0,0.5,0.5,0.5,0.5,0.5,0,0,1,0,2,0,0,0,0,0,"Has achieved Fairtrade status",1,"",0,0,0.5,0.5,"Yes ","Yes","Yes","Yes","No",1,"Yes","No","Yes","No","No","Yes","Yes","No","Yes","Yes","Yes","Yes","No",2,"No","Yes","Yes","No","No",1,0," (Nb: value not an option listed in question defniition)",0,1,"",0,"",0,1,"",0.07,5,"",4,"",62.6,1,"",240.44,2,"",2,"",1644.88,0,"",-8.27,1,"",0,"",23.82,1,"",0.0037,21.5,30.5,67,85,"2:2",""
"University of Exeter",1,2,"Yes","Yes","Yes","Yes","Yes","Yes","Yes","Yes",2,0.25,3,0,1,6,1.4,0.5,0.5,0.5,0.5,0.5,0.5,0,0.5,3,1,1,0,2,0,0,1,0.5,0.5,"Has achieved Fairtrade status",1,"",0,0,0.5,0,"No","No","No","No","No",0,"Yes","Yes","Yes","Yes","No","Yes","Yes","Yes","No","Yes","Yes","Yes","No",3,"Yes","Yes","Yes","Yes","Yes",2,0," (Nb: value not an option listed in question defniition)",0,0,"",0,"",0,0,"",0,4,"",1,"",32.89,3,"",78.25,4,"",2,"",1265.03,2,"",10.09,2,"",1,"",14.73,1,"",0.0693,30,40,20,22,"1st",""
"University College Falmouth",1,2,"No","No","No","No","Yes","No","No","No",0,0.4,0.5,0,0,6,1.4,0,0.5,0,0.5,0,0.5,0,0.5,0,0,0,0,2,0,0,0,0,0,"",0,"MISSINGDATA",0.5,0,0,0,"Yes ","Yes","Yes","No","No",0.5,"No","Yes","Yes","Yes","Yes","No","Yes","No","No","No","Yes","No","No",2,"No","No","No","No","No",0,0," (Nb: value not an option listed in question defniition)",0,0,"",0,"",0,0,"",0,5,"",4,"",73.57,1,"",235.94,3,"",3,"",991.65,0,"",-26.23,3,"",2,"",9.35,1,"",0.5734,16,27,94,89,"2:2",""
"University of Glamorgan",1,2,"No","Yes","No","No","Yes","No","No","No",0,0,1,0,1,4,0.7,0.5,0.5,0,0.5,0,0.5,0.5,0,4,0,1,0,0,0,0,0,0,0,"Has achieved Fairtrade status",1,"",0,0,0,0,"No","No","No","No","No",0,"No","Yes","Yes","Yes","No","No","Yes","Yes","Yes","Yes","Yes","Yes","No",3,"No","No","No","No","No",0,0," (Nb: value not an option listed in question defniition)",0,0,"",0,"",0,0,"",0,4,"",4,"",94.15,0,"",1091.01,8,"",6,"",441.94,2,"",8.63,5,"",4,"",5.1,1,"",0.023,18.5,35.5,39,13,"2:1",""
"Glasgow Caledonian University",1,2,"Yes","Yes","No","Yes","No","No","No","Yes",0,0,0,0,1,0,0.3,0.5,0.5,0.5,0.5,0.5,0.5,0.5,0.5,3,0,1,0,2,2,0,0,0,0,"",0,"MISSINGDATA",0,0,0,0,"Yes ","Yes","Yes","No","No",0.5,"Yes","No","Yes","No","No","Yes","Yes","No","No","No","No","No","No",1,"Yes","No","Yes","No","No",1,0,"ZERO",0,0,"",0,"",0,0,"",0,4,"",0,"",3.63,4,"",39.71,5,"",5,"",613.96,0,"",-5.64,4,"",4,"",3.22,0,"",0,17.5,30.5,67,25,"2:2",""
"Glasgow School of Art",1,2,"Yes","Yes","Yes","Yes","Yes","Yes","No","No",0,0,0,0.5,0,6,1.5,0.5,0.5,0,0.5,0.5,0.5,0.5,0,0,0,0,0,2,0,0,1,0,0,"",0,"MISSINGDATA",0,0,0,0,"No","No","No","No","No",0,"No","No","Yes","No","Yes","Yes","No","Yes","Yes","Yes","Yes","No","No",2,"Yes","No","Yes","No","No",1,3," (Nb: value not an option listed in question defniition)",100,4,"",0,"",0,1,"",0.02,3,"",3,"",45.02,0,"",278.85,1,"",1,"",1688.58,0,"",-32.46,1,"",1,"",18.14,0,"",0,18,27,94,0,"2:2",""
"University of Glasgow",1,2,"Yes","Yes","Yes","Yes","Yes","No","No","Yes",0,0,0.8,0.5,1,4,0.8,0.5,0.5,0,0.5,0.5,0.5,0.5,0.5,0,0,1,0,0,2,0,1,0.5,0,"Has achieved Fairtrade status",1,"",0,0,0,0,"No","No","No","No","No",0,"No","No","No","No","No","Yes","No","Yes","No","Yes","Yes","No","Yes",2,"No","No","No","No","No",0,2," (Nb: value not an option listed in question defniition)",80,3,"",0,"",0,1,"",0.25,2,"",0,"",7.28,2,"",129.03,1,"",1,"",1911.81,0,"",-13.87,1,"",1,"",15.11,0,"",0,18,25,105,43,"3rd",""
"University of Gloucestershire",1,2,"Yes","Yes","Yes","Yes","Yes","Yes","Yes","Yes",2,1.5,0,2,1,8,2.9,0.5,0.5,0.5,0.5,0.5,0,0,0.5,4,1,1,1,2,2,0,0,0,0,"Has achieved Fairtrade status",1,"",0,0,0.5,0.5,"Yes ","Yes","Yes","Yes","No",1,"Yes","Yes","Yes","Yes","Yes","No","Yes","Yes","Yes","Yes","Yes","Yes","No",3,"Yes","Yes","Yes","Yes","Yes",2,3," (Nb: value not an option listed in question defniition)",100,4,"",0,"",0,1,"",0.31,4,"",1,"",25.13,3,"",66.25,7,"",6,"",523.31,1,"",4.3,3,"",3,"",5.68,0,"",0,35,53,2,2,"1st",""
"Glyndwr University",1,2,"No","No","Yes","No","No","No","No","No",0,0,0,0.5,0,4,0.5,0.5,0.5,0,0,0,0,0,0,0,0,0,0,0,0,0,0,0,0,"",0,"MISSINGDATA",0.5,0,0.5,0.5,"No","No","Yes","No","No",0,"No","No","No","No","No","Yes","No","No","No","No","Yes","No","No",0,"Yes","No","Yes","No","No",1,0," (Nb: value not an option listed in question defniition)",0,0,"",0,"No EMS data",0,0,"D38a_C01_energy_total:No EMS data, D72d_C01_energy_renewable:No EMS data",0,3,"",0,"",7.26,3,"",59.27,0,"",0,"D38c_C01_carbon_total:No EMS data, D04_C04_students_fte_teaching:4630.4, D04_C07_students_fte_research:67.3, D05_C01_staff_fte:580.2, LY_fte:4608.65, LY_D38c_C1_carbon:No EMS Last Year",0,0,"D38c_C01_carbon_total:No EMS data, Baseline_2005_carbon:3557564.25, LY_D38c_C1_carbon:No EMS Last Year",0,0,"",0,"D38b_C01_water_total:No EMS data, D04_C04_students_fte_teaching:4630.4, D04_C07_students_fte_research:67.3, D05_C01_staff_fte:580.2, LY_fte:4608.65, LY_D38b_water_total:No EMS Last Year",0,0,"D38b_C01_water_total:No EMS data, D77a_C01_water_grey:No EMS data, LY_D77a_water_grey:0, LY_D38b_water_total:No EMS Last Year",0,10.5,13.5,135,132,"Fail",""
"Goldsmiths, University of London",1,2,"Yes","Yes","No","Yes","Yes","No","Yes","No",0,0,1,0,0,4,0.7,0.5,0.5,0,0.5,0.5,0.5,0,0.5,0,1,1,0,2,2,1,0,0,0,"",0,"MISSINGDATA",0,0,0,0,"Yes ","Yes","Yes","Yes","No",1,"Yes","No","Yes","No","Yes","Yes","No","Yes","Yes","Yes","Yes","No","No",3,"No","No","Yes","No","No",0,0," (Nb: value not an option listed in question defniition)",0,0,"",0,"",0,0,"",0,2,"",2,"",41.38,0,"",302.04,3,"",3,"",1150.71,0,"",-44.31,2,"",2,"",10.26,0,"",0,21,28,87,89,"2:2",""
"University of Greenwich",1,2,"Yes","Yes","Yes","Yes","Yes","Yes","Yes","Yes",2,0.33,1,2.6,3,8,2.3,0.5,0.5,0,0.5,0,0,0,0.5,2,1,0,0,2,2,0,0,0,0,"",0,"MISSINGDATA",0,0,0.5,0.5,"Yes ","Yes","Yes","Yes","No",1,"Yes","Yes","Yes","No","Yes","No","No","Yes","Yes","No","Yes","Yes","No",3,"No","No","Yes","No","No",0,0," (Nb: value not an option listed in question defniition)",0,0,"",0,"",0,0,"",0,6,"",3,"",50.24,3,"",55.41,8,"",5,"",648.3,3,"",14.36,4,"",4,"",3.83,0,"",0,27,45,9,61,"1st",""
"Guildhall School of Music and Drama",1,2,"No","Yes","Yes","Yes","No","No","Yes","Yes",2,0,0,0,0.55,8,3.8,0.5,0.5,0,0.5,0.5,0.5,0.5,0.5,0,0,0,0,2,0,0,0,0,0,"",0,"MISSINGDATA",0,0,0,0,"Yes ","Yes","No","No","No",0.5,"No","Yes","No","Yes","Yes","Yes","Yes","No","Yes","Yes","Yes","No","No",3,"No","No","Yes","No","No",0,0," (Nb: value not an option listed in question defniition)",0,0,"",0,"",0,0,"",0,1,"",1,"",30.38,0,"",592.63,2,"",2,"",1550.4,0,"D38c_C01_carbon_total:1813508, Baseline_2005_carbon:#N/A, LY_D38c_C1_carbon:1256099.28",0,1,"",1,"",15.39,0,"",0,22,26,100,113,"2:2",""
"Heriot-Watt University",1,2,"Yes","No","Yes","No","Yes","Yes","No","No",0,0,1,0,0,4,0.7,0.5,0.5,0,0.5,0.5,0.5,0,0,0,0,0,0,2,2,0,0,0,0,"Has achieved Fairtrade status",1,"",0,0,0,0,"No","Yes","Yes","No","No",0.5,"Yes","Yes","No","No","No","No","No","Yes","No","No","No","Yes","Yes",2,"Yes","No","Yes","No","No",1,2," (Nb: value not an option listed in question defniition)",87.33,2,"",0,"",0,0,"",0,4,"",3,"",51.41,1,"",172.7,0,"",0,"",2139.55,0,"",-7.27,0,"",0,"",33.58,0,"",0,18,24,108,89,"3rd",""
"University of Hertfordshire",1,2,"Yes","Yes","Yes","Yes","Yes","Yes","Yes","Yes",2,0,2,0,3,6,1.7,0.5,0.5,0,0.5,0.5,0,0,0.5,3,1,1,0,2,1,0,1,0.5,0.5,"Has achieved Fairtrade status",1,"",0,0,0.5,0.5,"Yes ","Yes","Yes","Yes","No",1,"Yes","Yes","Yes","No","Yes","Yes","Yes","No","Yes","No","No","Yes","No",3,"No","Yes","Yes","No","No",1,0,"ZERO",100,0,"",0,"",0,0,"",0,6,"",3,"",60.77,3,"",65.38,2,"",2,"",1317.96,0,"",-54.28,4,"",3,"",7.79,1,"",0.2291,30.5,42.5,18,3,"1st",""
"University of Huddersfield",1,2,"Yes","Yes","Yes","Yes","Yes","Yes","Yes","Yes",2,1,1,0,1,6,1,0.5,0.5,0,0.5,0.5,0.5,0.5,0,0,1,1,1,2,0,0,0,0,0,"Has achieved Fairtrade status",1,"",0,0,0.5,0.5,"Yes ","Yes","Yes","No","No",0.5,"Yes","Yes","Yes","No","No","Yes","No","Yes","Yes","Yes","Yes","Yes","No",3,"No","No","Yes","No","No",0,0," (Nb: value not an option listed in question defniition)",0,1,"",0,"",0,1,"",0.01,7,"",4,"",85.18,3,"",66.46,6,"",6,"",505.79,0,"",-10.18,5,"",4,"",2.83,1,"",0.6572,24.5,43.5,15,9,"1st",""
"University of Hull",1,2,"No","No","Yes","Yes","Yes","No","No","Yes",0,0,2,0,0,4,0.7,0,0,0,0,0,0,0,0.5,2,1,1,0,0,2,0,0,0,0,"",0,"MISSINGDATA",0,0,0,0,"No","No","No","No","No",0,"Yes","Yes","Yes","No","No","Yes","No","Yes","No","No","No","No","No",2,"Yes","Yes","Yes","Yes","Yes",2,0," (Nb: value not an option listed in question defniition)",0,0,"",0,"",0,0,"",0,3,"",1,"",34.77,2,"",106.09,3,"",3,"",1065.78,0,"",-1.06,2,"",2,"",12.42,0,"",0,17.5,25.5,102,98,"3rd",""
"Imperial College London",1,2,"Yes","Yes","Yes","Yes","Yes","Yes","Yes","Yes",2,0.6,2,0,1,6,1.3,0.5,0,0,0.5,0.5,0,0,0,0,0,0,0,2,2,0,0,0,0,"Has achieved Fairtrade status",1,"",0,0,0.5,0,"Yes ","Yes","Yes","No","No",0.5,"No","Yes","Yes","Yes","No","No","Yes","No","No","Yes","Yes","No","No",2,"No","No","Yes","Yes","No",1,0," (Nb: value not an option listed in question defniition)",0,1,"",1,"",67125220,0,"",0,3,"",3,"",60,0,"",360.26,2,"",0,"",4120.4,2,"",10.88,0,"",0,"",29.89,0,"",0,21.5,27.5,91,101,"2:2",""
"Institute of Education",1,2,"Yes","Yes","Yes","Yes","Yes","Yes","Yes","Yes",2,0.33,1,0,0,8,2.1,0,0.5,0,0.5,0,0.5,0,0.5,0,0,1,0,2,2,0,1,0.5,0.5,"",0,"MISSINGDATA",0,0,0.5,0.5,"Yes ","Yes","Yes","Yes","No",1,"No","Yes","No","No","No","Yes","No","No","No","Yes","Yes","No","No",1,"No","No","No","No","No",0,0," (Nb: value not an option listed in question defniition)",0,1,"",1,"",8405556,0,"",0,1,"",0,"",19.89,1,"",137.97,4,"",4,"",808.44,0,"",-3.72,3,"",3,"",5.77,0,"",0,25,34,45,116,"2:1",""
"Keele University",1,2,"Yes","Yes","Yes","Yes","Yes","Yes","Yes","Yes",2,0,1,0.5,1,6,1.6,0.5,0.5,0,0.5,0.5,0.5,0,0,0,1,1,0,2,1,0,1,0,0,"Has achieved Fairtrade status",1,"",0,0,0.5,0,"Yes ","No","Yes","No","No",0.5,"Yes","Yes","Yes","No","No","Yes","Yes","Yes","No","No","No","No","No",2,"Yes","No","Yes","Yes","Yes",2,0,"ZERO",0,1,"",0,"",0,1,"",0.07,0,"",0,"",22.16,0,"",292.72,3,"",2,"",1378.61,1,"",2.79,1,"",0,"",24.18,1,"",0.0181,25.5,30.5,67,82,"2:2",""
"University of Kent",1,2,"Yes","No","No","No","No","No","No","No",0,0.5,2,1.25,0,6,1.3,0,0,0,0,0,0,0,0,0,1,0,0,2,0,0,1,0,0,"Has achieved Fairtrade status",1,"",0,0,0,0,"Yes ","Yes","Yes","No","No",0.5,"Yes","Yes","Yes","No","No","No","No","No","Yes","No","Yes","No","No",2,"No","No","No","No","No",0,0," (Nb: value not an option listed in question defniition)",0,1,"",1,"",1603457,0,"",0,6,"",3,"",46.67,3,"",70.75,3,"",3,"",1101.62,0,"",-7.74,2,"",2,"",13.56,0,"",0,16.5,28.5,83,89,"2:2",""
"King's College London",1,2,"Yes","No","Yes","Yes","Yes","Yes","No","No",0,0,3,1.5,0,6,1.5,0.5,0,0,0,0.5,0,0,0,3,0,0,0,2,2,0,1,0.5,0,"Has achieved Fairtrade status",1,"",0,0,0,0,"No","No","No","No","No",0,"Yes","Yes","No","Yes","No","No","No","No","No","Yes","Yes","Yes","No",2,"No","No","No","No","No",0,0," (Nb: value not an option listed in question defniition)",0,2,"",1,"",21090784,1,"",0.13,7,"",3,"",61.12,4,"",41.74,2,"",0,"",2131.42,2,"",7.72,2,"",2,"",13.21,0,"",0,21.5,34.5,44,113,"2:1",""
"Kingston University",1,2,"Yes","Yes","Yes","Yes","Yes","Yes","Yes","Yes",2,0.6,1,0,3,6,1.5,0.5,0.5,0.5,0.5,0.5,0.5,0.5,0.5,3.5,0,0,0,2,0,1,1,0.5,0.5,"Has achieved Fairtrade status",1,"",0,0,0.5,0,"Yes ","Yes","Yes","Yes","No",1,"No","Yes","Yes","Yes","No","Yes","Yes","Yes","Yes","No","Yes","No","No",3,"No","No","Yes","Yes","Yes",1,2," (Nb: value not an option listed in question defniition)",80,2,"",0,"",0,0,"",0,5,"",2,"",37.51,3,"",71.9,5,"",5,"",711.74,0,"",-25.1,3,"",2,"",9.32,1,"",0.1087,30,45,9,15,"1st",""
"Lancaster University",1,2,"Yes","Yes","Yes","Yes","Yes","No","No","Yes",0,0,1,1,3,8,2.4,0.5,0.5,0.5,0.5,0.5,0.5,0.5,0.5,0,0,0,0,2,2,0,0,0,0,"Has achieved Fairtrade status",1,"",0,0,0.5,0.5,"No","No","Yes","Yes","No",0.5,"Yes","Yes","Yes","Yes","No","Yes","Yes","Yes","No","Yes","Yes","No","No",3,"No","No","No","No","No",0,0," (Nb: value not an option listed in question defniition)",0,0,"",0,"",0,0,"",0,4,"",2,"",36.07,2,"",109.13,1,"",1,"",1864.26,0,"",-18.5,0,"",0,"",35.43,0,"",0,24.5,29.5,75,65,"2:2",""
"Leeds Metropolitan University",1,2,"Yes","Yes","Yes","Yes","Yes","Yes","Yes","Yes",2,0,1,0.5,2,6,1.2,0,0.5,0,0.5,0.5,0.5,0.5,0.5,4,0,0,0,2,1,0,0,0,0,"Has achieved Fairtrade status",1,"",0,0,0.5,0,"No","No","No","No","No",0,"Yes","No","Yes","No","No","No","Yes","Yes","No","Yes","No","No","Missing evidence",2,"Yes","No","Yes","No","No",1,3," (Nb: value not an option listed in question defniition)",90.03,4,"",1,"",692445,0,"",0,4,"",3,"",57.2,1,"",194.21,6,"",4,"",748.46,2,"",6.73,6,"",4,"",4.39,2,"",2.9299,25.5,45.5,7,12,"1st",""
"Leeds Trinity and All Saints",1,2,"Yes","Yes","No","No","No","No","No","No",0,0,0,0,0,0,0,0,0.5,0,0.5,0.5,0,0,0,0,0,0,0,0,2,0,0,0,0,"Has achieved Fairtrade status",1,"",0,0,0,0,"No","No","No","Yes","No",0,"No","No","No","No","No","Yes","No","No","No","Yes","No","No","No",0,"No","No","No","Yes","No",0,0," (Nb: value not an option listed in question defniition)",0,1,"",1,"",818758,0,"",0,7,"",3,"",55.01,4,"",39.01,4,"",4,"",743.72,0,"",-15.97,2,"",2,"",10.89,0,"",0,7.5,21.5,118,109,"3rd",""
"University of Leeds",1,0,"Yes","Yes","Yes","No","Yes","Yes","No","No",0,0,2,0.5,2,6,1.5,0.5,0.5,0.5,0.5,0,0,0.5,0.5,0,1,0,0,0,1,0,0,0,0,"Has achieved Fairtrade status",1,"",0,0,0.5,0.5,"Yes ","Yes","Yes","Yes","No",1,"No","Yes","Yes","Yes","Yes","Yes","No","No","Yes","Yes","Yes","Yes","Yes",3,"No","No","No","No","Yes",0,0," (Nb: value not an option listed in question defniition)",0,2,"",1,"",139700415,1,"",0.12,4,"",4,"",91.95,0,"",492.02,1,"",1,"",1905.18,0,"",-37.8,1,"",0,"",21.21,1,"",0.0669,18,26,100,25,"2:2",""
"University of Leicester",1,2,"Yes","Yes","No","No","Yes","Yes","Yes","Yes",0,0,5,0,1,8,2.3,0.5,0.5,0,0.5,0.5,0.5,0.5,0,0,0,0,0,2,2,0,0,0.5,0,"Has achieved Fairtrade status",1,"",0,0,0.5,0.5,"Yes ","Yes","Yes","Yes","No",1,"Yes","Yes","Yes","No","Yes","Yes","Yes","Yes","Yes","Yes","No","No","Yes",3,"No","No","Yes","Yes","No",1,0," (Nb: value not an option listed in question defniition)",0,1,"",0,"",0,1,"",0.03,1,"",0,"",14.64,1,"",143.94,0,"",0,"",2203.96,0,"",-16.93,1,"",1,"",16.19,0,"",0,25.5,28.5,83,77,"2:2",""
"University of Lincoln",1,2,"Yes","Yes","Yes","Yes","Yes","Yes","Yes","Yes",2,0,1,0,1,4,0.9,0,0,0,0.5,0.5,0.5,0,0.5,0,0,0,0,2,1,0,0,0,0,"",0,"MISSINGDATA",0,0,0,0,"No","No","No","No","No",0,"Yes","Yes","Yes","No","No","No","Yes","No","No","No","Yes","Yes","No",2,"No","No","No","No","No",0,3," (Nb: value not an option listed in question defniition)",99,4,"",0,"",0,1,"",0.02,3,"",1,"",33.96,2,"",89.93,7,"",4,"",788.2,3,"",13.1,4,"",4,"",3.31,0,"",0,16,34,45,75,"2:1",""
"Liverpool Hope University",1,"Not yet assessed","No","No","No","No","Yes","No","No","No",0,0,1,0,0,4,0.8,0,0.5,0,0.5,0,0,0,0,0,0,0,0,2,2,0,0,0,0,"Has achieved Fairtrade status",1,"",0,0,0,0,"No","Yes","Yes","No","No",0.5,"No","No","No","No","No","Yes","No","No","No","Yes","No","No","No",0,"No","No","Yes","No","No",0,0," (Nb: value not an option listed in question defniition)",0,0,"",0,"",0,0,"",0,3,"",3,"",51.06,0,"",337.38,4,"",4,"",810.93,0,"",-3.15,3,"",3,"",7.87,0,"",0,11.5,21.5,118,109,"3rd",""
"Liverpool John Moores University",1,2,"Yes","Yes","Yes","Yes","Yes","No","No","No",0,0,2,0,0,4,0.7,0.5,0.5,0,0.5,0.5,0.5,0.5,0,0,1,1,0,2,2,0,1,0,0,"Has achieved Fairtrade status",1,"",0,0,0,0,"No","No","No","No","No",0,"No","No","No","Yes","No","Yes","No","No","No","Yes","No","No","No",1,"No","No","No","No","No",0,1," (Nb: value not an option listed in question defniition)",15,1,"",0,"",0,0,"",0,5,"",1,"",25.76,4,"",41.34,8,"",6,"",587.6,2,"",9.93,4,"",4,"",2.8,0,"",0,19,37,31,34,"1st",""
"University of Liverpool",1,2,"Yes","Yes","Yes","Yes","Yes","No","Yes","No",0,0.5,0,0,2,4,0.8,0.5,0.5,0,0.5,0.5,0,0,0,0,0,1,0,2,2,0,0,0,0,"Has achieved Fairtrade status",1,"",0,0,0,0,"No","No","No","Yes","No",0,"Yes","No","Yes","Yes","No","No","No","Yes","Yes","No","Yes","No","No",2,"No","No","Yes","No","No",0,0," (Nb: value not an option listed in question defniition)",0,1,"",1,"",16889300,0,"",0,2,"",1,"",29.6,1,"",168.64,2,"",0,"",2216.58,2,"",7.72,1,"",1,"",15.65,0,"",0,17,23,114,61,"3rd",""
"London Business School",1,2,"No","Yes","Yes","No","No","No","Yes","No",0,0,0,0,0,0,0,0.5,0.5,0.5,0.5,0.5,0.5,0,0.5,0,0,0,0,0,0,0,0,0,0,"",0,"MISSINGDATA",0,0,0,0,"Yes ","Yes","Yes","Yes","No",1,"No","No","Yes","No","No","No","No","No","No","No","No","Yes","No",0,"No","No","Yes","No","No",0,0," (Nb: value not an option listed in question defniition)",0,0,"",0,"",0,0,"",0,1,"",1,"",28.35,0,"",467.75,3,"",1,"",1706.88,2,"",5.22,2,"",2,"",12.8,0,"D38b_C01_water_total:29830, D77a_C01_water_grey:No EMS data, LY_D77a_water_grey:0, LY_D38b_water_total:No EMS Last Year",0,7.5,13.5,135,116,"Fail",""
"London Metropolitan University",1,2,"No","Yes","Yes","No","Yes","No","No","No",0,0,0,0,0,0,0,0.5,0.5,0,0.5,0,0.5,0,0,0,0,0,0,2,2,0,0,0,0,"",0,"MISSINGDATA",0,0,0,0,"No","No","No","No","No",0,"No","Yes","Yes","No","No","No","Yes","No","No","No","No","No","No",1,"No","No","Yes","No","No",0,0," (Nb: value not an option listed in question defniition)",0,0,"",0,"",0,0,"",0,5,"",3,"",45.11,2,"",94.57,5,"",5,"",687.36,0,"",-4.26,3,"",3,"",6.45,0,"",0,10,23,114,89,"3rd",""
"Loughborough University",1,2,"Yes","Yes","Yes","Yes","Yes","Yes","Yes","Yes",2,0.5,1,0,1,4,0.9,0.5,0.5,0,0.5,0,0,0.5,0.5,2,1,1,0,2,2,0,0,0,0,"Has achieved Fairtrade status",1,"",0.5,0,0,0,"Yes ","Missing evidence","Yes","No","No",0.5,"Yes","No","Yes","Yes","No","Yes","Yes","Yes","Yes","No","Yes","No","No",3,"No","No","No","No","No",0,0," (Nb: value not an option listed in question defniition)",0,1,"",1,"",13748460,0,"",0,3,"",1,"",28.53,2,"",105.56,4,"",2,"",1473.01,2,"",8.4,1,"",1,"",19.19,0,"",0,24.5,33.5,53,34,"2:1",""
"London School of Economics And Political Science",1,2,"Yes","Yes","Yes","Yes","Yes","Yes","Yes","Yes",2,0.5,4,0,1,8,3.1,0.5,0.5,0,0.5,0.5,0.5,0,0.5,3,1,1,1,2,2,0,0,0,0,"Has achieved Fairtrade status",1,"",0,0,0.5,0.5,"Yes ","Yes","Yes","Yes","No",1,"Yes","Yes","Yes","Yes","Yes","Yes","Yes","No","Yes","Yes","Yes","Yes","No",3,"No","No","Yes","No","No",0,3," (Nb: value not an option listed in question defniition)",100,3,"",0,"",0,0,"",0,2,"",2,"",41.87,0,"",311.3,2,"",2,"",1485.94,0,"",-13.51,1,"",1,"",18.62,0,"",0,32,40,20,15,"1st",""
"London School of Hygiene & Tropical Medicine",1,0,"Yes","Yes","Yes","Yes","Yes","No","No","No",0,0.25,0,0,0,6,1.4,0,0,0,0,0,0,0,0,0,0,0,1,2,2,0,0,0,0,"",0,"MISSINGDATA",0.5,0,0,0,"Yes ","No","Yes","No","No",0.5,"No","Yes","Yes","No","No","No","No","No","Yes","No","No","No","Yes",1,"No","No","No","No","No",0,0," (Nb: value not an option listed in question defniition)",0,0,"",0,"",0,0,"",0,4,"",1,"",27.94,3,"",75.08,0,"",0,"",2549.27,0,"",-60.9,1,"",1,"",18.52,0,"",0,14,19,123,122,"Fail",""
"Manchester Metropolitan University",1,2,"Yes","Yes","Yes","Yes","Yes","Yes","Yes","Yes",2,0.5,5,0.6,2,8,2.7,0.5,0.5,0,0.5,0.5,0.5,0.5,0,0,0,0,0,2,2,1,1,0.5,0.5,"Has achieved Fairtrade status",1,"",0.5,0,0.5,0.5,"No","No","Yes","No","No",0,"Yes","Yes","Yes","Yes","Yes","Yes","Yes","Yes","No","Yes","No","Yes","Yes",3,"No","Yes","Yes","No","Yes",1,0," (Nb: value not an option listed in question defniition)",0,1,"",0,"",0,1,"",0.74,4,"",4,"",86.34,0,"",431.78,7,"",5,"",673.96,2,"",6.51,3,"",3,"",6.57,0,"",0,29.5,44.5,11,27,"1st",""
"University of Manchester",1,0,"No","Yes","No","Not yet assessed","Yes","No","No","No",0,0,3,1.2,2,8,2.1,0.5,0.5,0,0.5,0.5,0,0,0.5,0,1,1,0,2,2,0,1,0,0,"Has achieved Fairtrade status",1,"",0,0,0.5,0.5,"Yes ","Yes","Yes","No","No",0.5,"Yes","Yes","Yes","Yes","Yes","Yes","Yes","Yes","Yes","Yes","Yes","No","Yes",3,"No","No","No","No","No",0,0," (Nb: value not an option listed in question defniition)",0,1,"",0,"",0,1,"",0.02,3,"",1,"",27.31,2,"",101.8,0,"",0,"",2098.77,0,"",-7.98,0,"",0,"",26.73,0,"",0,24,28,87,65,"2:2",""
"Middlesex University, London",1,0,"No","No","Yes","Yes","Yes","No","No","No",0,0,2,0,1,6,1,0,0.5,0,0.5,0,0,0,0,0,0,0,0,2,2,0,0,0,0,"",0,"MISSINGDATA",0,0,0,0,"No","Yes","No","No","No",0,"No","No","No","No","No","No","Yes","No","No","No","Yes","No","No",0,"No","No","No","No","No",0,0," (Nb: value not an option listed in question defniition)",0,0,"",0,"",0,0,"",0,0,"",0,"",4.49,0,"",546.42,7,"",6,"",519.75,1,"",3.63,4,"",4,"",4.57,0,"",0,12,23,114,129,"3rd",""
"Edinburgh Napier University",1,2,"Yes","Yes","Yes","Yes","Yes","Yes","Yes","Yes",2,0,1,0,1,4,0.9,0.5,0.5,0.5,0.5,0.5,0.5,0,0.5,0,1,1,0,2,2,0,1,0.5,0.5,"Has achieved Fairtrade status",1,"",0,0,0.5,0.5,"No","No","No","No","No",0,"No","Yes","Yes","Yes","No","Yes","Yes","No","No","Yes","No","Yes","No",2,"No","No","Yes","No","No",0,1," (Nb: value not an option listed in question defniition)",38.6,2,"",0,"",0,1,"",0.51,6,"",2,"",43.47,4,"",30.76,8,"",5,"",625.12,3,"",16.35,4,"",4,"",4.44,0,"",0,24.5,44.5,11,29,"1st",""
"Newcastle University",1,2,"Yes","Yes","No","Yes","Yes","Yes","Yes","No",0,0,4,0,1,6,1.7,0.5,0.5,0,0.5,0,0,0,0.5,3,0,0,0,2,2,0,1,0,0.5,"Has achieved Fairtrade status",1,"",0,0,0,0,"No","No","No","No","No",0,"No","Yes","Yes","No","No","Yes","Yes","Yes","Yes","Yes","Yes","No","No",3,"No","No","No","Yes","No",0,0," (Nb: value not an option listed in question defniition)",0,2,"",1,"",835674,1,"",0.01,4,"",3,"",57.67,1,"",275.03,0,"",0,"",2135.28,0,"",-4.17,2,"",1,"",18.09,1,"",0.0997,23.5,31.5,62,104,"2:1",""
"Newman University College",1,2,"No","No","No","No","No","No","No","No",0,0.65,0,0,0,6,1.3,0,0,0,0,0,0,0,0,2,0,0,1,2,2,0,0,0,0,"Has achieved Fairtrade status",1,"",0,0,0,0,"No","No","No","Yes","No",0,"No","Yes","No","No","No","Yes","Yes","No","No","Yes","No","Yes","No",2,"No","No","No","No","No",0,0," (Nb: value not an option listed in question defniition)",0,0,"",0,"",0,0,"",0,1,"",0,"",4.04,1,"",143.8,6,"",6,"",529.48,0,"",-5.03,4,"",4,"",5.12,0,"",0,19,30,72,111,"2:2",""
"University of Wales, Newport",1,2,"Yes","Yes","Yes","Yes","No","No","No","Yes",0,0,0,0,1,4,1,0.5,0.5,0,0.5,0.5,0,0,0.5,0,1,0,0,2,0,0,0,0,0,"Has achieved Fairtrade status",1,"",0,0,0,0,"No","No","No","Yes","No",0,"No","No","No","No","No","No","Yes","Yes","No","No","No","Yes","Yes",1,"No","No","No","No","No",0,1," (Nb: value not an option listed in question defniition)",7,1,"",0,"",0,0,"",0,4,"",1,"",34.82,3,"",61.22,4,"",4,"",764.04,0,"",-1.94,3,"",3,"",6.61,0,"",0,14.5,26.5,97,34,"2:2",""
"University of Northampton",1,2,"Yes","Yes","Yes","Yes","Yes","No","No","Yes",0,0,0,0,2,6,1.1,0.5,0.5,0,0.5,0.5,0.5,0.5,0.5,2,0,0,0,2,2,0,0,0,0,"Has achieved Fairtrade status",1,"",0,0,0,0,"No","No","No","No","No",0,"No","No","No","No","No","No","No","No","No","Yes","No","No","No",0,"No","No","No","No","No",0,0," (Nb: value not an option listed in question defniition)",0,0,"",0,"",0,0,"",0,4,"",1,"",32.58,3,"",82.91,4,"",4,"",837.54,0,"",-11.73,2,"",2,"",9.63,0,"",0,19.5,29.5,75,70,"2:2",""
"Northumbria University",1,2,"Yes","Yes","No","No","Yes","No","No","Yes",0,0,0,0,1,0,0.3,0.5,0.5,0,0.5,0,0,0,0.5,0,0,0,0,2,1,0,0,0,0,"",0,"MISSINGDATA",0,0," (Nb: value not an option listed in question defniition)"," (Nb: value not an option listed in question defniition)"," (Nb: value not an option listed in question defniition)"," (Nb: value not an option listed in question defniition)"," (Nb: value not an option listed in question defniition)"," (Nb: value not an option listed in question defniition)"," (Nb: value not an option listed in question defniition)","","Yes","Yes","No","Yes","Yes","No","Yes","No","Yes","No","No","Yes","No",2,"No","No","No","No","No",0,0," (Nb: value not an option listed in question defniition)",0,1,"",0,"",0,1,"",0.03,5,"",4,"",93.49,1,"",168.81,4,"",4,"",810.05,0,"",-28.76,4,"",3,"",5.57,1,"",0.1763,10,24,108,75,"3rd",""
"Nottingham Trent University",1,2,"Yes","Yes","Yes","Yes","Yes","Yes","Yes","Yes",2,0,6,0,3,8,3,0.5,0.5,0,0.5,0.5,0,0.5,0.5,3.5,1,1,0,2,2,0,1,0,0,"Has achieved Fairtrade status",1,"",0,0,0.5,0.5,"Yes ","Missing evidence","Yes","No","Yes",0.5,"Yes","Yes","Yes","No","Yes","Yes","No","No","Yes","Yes","Yes","Yes","Yes",3,"No","Yes","Yes","Yes","Yes",2,3," (Nb: value not an option listed in question defniition)",92.63,4,"",1,"",3958613,0,"",0,8,"",4,"",78,4,"",46.06,4,"",4,"",724.44,0,"",-23.46,4,"",4,"",4.95,0,"",0,34,54,1,5,"1st",""
"University of Nottingham",1,2,"Yes","Yes","Yes","No","Yes","Yes","Yes","Yes",0,0,2,0,3,6,1.7,0.5,0.5,0,0.5,0.5,0.5,0.5,0.5,0,0,0,0,2,0,0,0,0,0,"Has achieved Fairtrade status",1,"",0,0,0,0,"No","No","No","No","No",0,"Yes","Yes","Yes","Yes","Yes","Yes","Yes","Yes","Yes","Yes","Yes","No","No",3,"Yes","No","Yes","Yes","Yes",2,0," (Nb: value not an option listed in question defniition)",0,1,"",0,"",0,1,"",0.56,3,"",2,"",41.37,1,"",142.41,1,"",1,"",1946.21,0,"",-11.97,2,"",0,"",21.75,2,"",2.4769,20.5,27.5,91,53,"2:2",""
"The Open University",1,0,"Yes","Yes","No","Yes","Yes","No","No","No",0,0,2,0,0,8,16.4,0,0,0,0,0,0,0,0,0,0,0,0,2,0,0,0,0,0,"",0,"MISSINGDATA",0,0,0,0,"No","No","No","No","No",0,"No","No","No","No","No","No","Yes","No","No","No","No","No","No",0,"No","No","No","No","No",0,0," (Nb: value not an option listed in question defniition)",0,0,"",0,"",0,0,"",0,4,"",4,"",71.95,0,"",367.36,0,"",0,"",3046.41,0,"",-6.4,3,"",2,"",12.45,1,"",0.6113,11,18,127,82,"Fail",""
"Oxford Brookes University",1,2,"No","Yes","No","No","No","No","Yes","No",0,0,2.5,0,1,6,1.2,0.5,0.5,0,0.5,0.5,0.5,0.5,0.5,2,1,1,0,2,2,0,0,0,0,"Has achieved Fairtrade status",1,"",0,0,0,0.5,"Yes ","Yes","Yes","No","No",0.5,"Yes","No","No","Yes","No","No","No","No","Yes","No","Yes","Yes","No",2,"No","No","Yes","No","No",0,0,"ZERO",18,1,"",1,"",1226664,0,"",0,6,"",3,"",55.03,3,"",63.7,3,"",3,"",939.29,0,"",-6.58,2,"",2,"",10.91,0,"",0,24.5,36.5,34,7,"2:1",""
"University of Oxford",1,2,"No","Yes","Yes","Yes","Yes","No","No","No",0,0,3.6,0,1,6,1.5,0.5,0.5,0,0.5,0.5,0.5,0,0.5,0,1,1,0,2,0,0,0,0,0,"",0,"MISSINGDATA",0,0,0,0,"No","Yes","Yes","No","No",0.5,"No","Yes","Yes","No","Yes","Yes","Yes","Yes","No","Yes","Yes","No","No",3,"No","No","No","No","No",0,1," (Nb: value not an option listed in question defniition)",11.2,1,"",0,"",0,0,"",0,3,"",0,"",22.87,3,"",60.27,0,"",0,"",2833.54,0,"",-27.03,3,"",2,"",13.28,1,"",0.2635,19.5,26.5,97,89,"2:2",""
"University of Plymouth",1,2,"No","No","Yes","Yes","No","No","No","No",0,0,4,0,0,6,1.3,0,0.5,0,0.5,0,0.5,0.5,0.5,4,1,0,0,2,2,0,1,0,0,"Has achieved Fairtrade status",1,"",0.5,0,0.5,0.5,"Yes ","No","No","Yes","No",0.5,"Yes","No","Yes","No","No","No","Yes","No","No","No","Yes","No","Yes",2,"No","Yes","Yes","Yes","Yes",2,0," (Nb: value not an option listed in question defniition)",0,0,"",0,"",0,0,"",0,7,"",3,"",53.6,4,"",19.63,8,"",6,"",518.52,2,"",10.78,5,"",4,"",3.35,1,"",0.3558,28.5,48.5,5,1,"1st",""
"University of Portsmouth",1,2,"Yes","Yes","Yes","Yes","Yes","Yes","Yes","No",0,1,0,0,3,6,1.3,0.5,0.5,0.5,0.5,0.5,0.5,0.5,0.5,0,1,1,1,2,2,0,0,0,0,"Has achieved Fairtrade status",1,"",0,0,0.5,0,"Yes ","Yes","Yes","No","No",0.5,"Yes","Yes","Yes","No","No","No","Yes","Yes","No","Yes","Yes","Yes","Yes",3,"No","No","Yes","No","No",0,0," (Nb: value not an option listed in question defniition)",0,0,"",0,"",0,0,"",0,6,"",4,"",68.96,2,"",120.29,4,"",4,"",814.09,0,"",-14.2,2,"",2,"",8.27,0,"",0,25,37,31,53,"1st",""
"Queen Margaret University",1,2,"No","Yes","Yes","Yes","Yes","No","No","Yes",0,0,0,0.75,0,4,1,0,0.5,0,0.5,0,0.5,0,0,0,0,0,0,0,0,0,0,0.5,0,"",0,"MISSINGDATA",0,0,0,0,"No","Yes","Yes","No","No",0.5,"No","Yes","No","No","No","Yes","No","No","No","Yes","Yes","Yes","No",2,"No","Yes","Yes","Yes","Yes",2,0," (Nb: value not an option listed in question defniition)",0,0,"",0,"",0,0,"",0,7,"",3,"",47.16,4,"",27.33,9,"",5,"",665.29,4,"",23.24,3,"",3,"",7.92,0,"",0,13.5,32.5,56,125,"2:1",""
"Queen Mary, University of London",1,2,"No","No","No","No","No","No","No","No",0,0,1,0,0,0,0.4,0.5,0,0,0.5,0.5,0,0,0.5,0,1,0,0,0,0,0,0,0,0,"",0,"MISSINGDATA",0,0,0,0,"Yes ","Yes","Yes","Yes","No",1,"Yes","No","Yes","Yes","No","Yes","No","No","No","No","No","No","No",1,"No","No","No","No","No",0,0," (Nb: value not an option listed in question defniition)",0,0,"",0,"",0,0,"",0,4,"",3,"",57.14,1,"",144.6,2,"",2,"",1495.57,0,"",-5.66,1,"",1,"",14.64,0,"",0,8,15,134,87,"Fail",""
"Queens University of Belfast",1,2,"Yes","Yes","Yes","Yes","Yes","Yes","Yes","Yes",2,0,2,0.5,1,6,1.2,0.5,0.5,0,0.5,0,0,0.5,0,2,0,0,0,2,0,0,0,0,0,"Has achieved Fairtrade status",1,"",0,0,0,0,"No","No","No","No","No",0,"Yes","Yes","Yes","Yes","Yes","Yes","Yes","Yes","No","Yes","Yes","Yes","No",3,"Yes","Yes","Yes","No","No",1,0," (Nb: value not an option listed in question defniition)",0,1,"",1,"",673189,0,"",0,5,"",2,"",36.99,3,"",53.43,2,"",2,"",1353.57,0,"",-11.4,2,"",2,"",12.04,0,"",0,22,32,58,65,"2:1",""
"Ravensbourne",1,0,"No","No","No","No","No","No","Yes","Yes",0,0,0,0,0,0,0,0,0.5,0,0,0,0,0,0,0,0,0,0,0,0,0,0,0,0,"",0,"MISSINGDATA",0,0,0,0,"No","No","No","No","No",0,"No","No","No","No","No","No","No","No","No","No","No","No","No",0,"No","No","No","No","No",0,0," (Nb: value not an option listed in question defniition)",0,0,"",0,"",0,0,"",0,0,"",0,"",24.77,0,"",302.53,3,"",3,"",1011.94,0,"",-2.09,3,"",3,"",5.44,0,"",0,1.5,7.5,138,0,"Fail",""
"University of Reading",1,2,"Yes","Yes","Yes","No","Yes","Yes","Yes","Yes",0,0,2,0,2,6,1.7,0,0.5,0,0.5,0.5,0.5,0,0,2,0,0,0,2,2,0,1,0,0,"Has achieved Fairtrade status",1,"",0,0,0.5,0.5,"Yes ","Yes","No","No","No",0.5,"Yes","Yes","Yes","Yes","Yes","Yes","Yes","Yes","No","Yes","Yes","Yes","No",3,"No","No","No","No","No",0,1," (Nb: value not an option listed in question defniition)",35,1,"",0,"",0,0,"",0,4,"",4,"",87.31,0,"",1298.47,0,"",0,"",2122.71,0,"",-9.09,0,"",0,"",31.84,0,"",0,23.5,28.5,83,72,"2:2",""
"The Robert Gordon University",1,2,"Yes","No","Yes","No","Yes","No","No","No",0,0,3,0,0,6,1.8,0,0.5,0,0.5,0.5,0,0,0,0,0,0,0,2,2,0,1,0.5,0,"",0,"MISSINGDATA",0,0," (Nb: value not an option listed in question defniition)"," (Nb: value not an option listed in question defniition)"," (Nb: value not an option listed in question defniition)"," (Nb: value not an option listed in question defniition)"," (Nb: value not an option listed in question defniition)"," (Nb: value not an option listed in question defniition)"," (Nb: value not an option listed in question defniition)","","Yes","No","Yes","No","No","Yes","Yes","No","No","Yes","No","No","No",2,"No","No","No","No","No",0,3," (Nb: value not an option listed in question defniition)",100,3,"",0,"",0,0,"",0,5,"",2,"",36.03,3,"",72.42,3,"",3,"",969.36,0,"",-24.85,3,"",3,"",5.57,0,"",0,18,32,58,57,"2:1",""
"Roehampton University",1,2,"No","No","No","No","No","No","No","No",0,0,1,0.5,1,6,1.6,0,0,0,0,0,0,0,0,2,0,0,0,2,2,0,0,0,0,"Has achieved Fairtrade status",1,"",0,0,0,0,"Yes ","Yes","Yes","Yes","No",1,"Yes","Yes","Yes","Yes","Yes","No","Yes","No","No","No","Yes","No","No",2,"No","No","No","No","Yes",0,0," (Nb: value not an option listed in question defniition)",0,0,"",0,"",0,0,"",0,5,"",4,"",74.98,1,"",225.61,3,"",3,"",976.11,0,"",-38.04,1,"",1,"",13.79,0,"",0,19,28,87,41,"2:2",""
"Royal Academy of Music",1,0,"No","Yes","No","Yes","Yes","No","No","No",0,0,0,0,0,0,0,0.5,0.5,0,0.5,0.5,0.5,0,0,0,0,0,0,2,2,0,1,0.5,0,"",0,"MISSINGDATA",0,0,0,0,"No","No","No","No","No",0,"No","No","No","No","No","Yes","No","No","No","No","No","No","No",0,"No","No","No","No","No",0,0," (Nb: value not an option listed in question defniition)",0,0,"",0,"",0,0,"",0,4,"",2,"",43.14,2,"",92.27,2,"",2,"",1552.23,0,"",-8.13,2,"",2,"",11.94,0,"",0,9,17,128,129,"Fail",""
"Royal College of Art",1,2,"Yes","No","No","Yes","No","No","Yes","Yes",0,0,0,0.5,0,8,3,0.5,0,0,0.5,0.5,0.5,0.5,0,0,1,1,0,2,2,0,0,0,0,"",0,"MISSINGDATA",0,0,0,0,"Yes ","Yes","No","Not Assessed yet","No",0.5,"No","No","No","No","Yes","Yes","Yes","No","No","Yes","Yes","No","No",2,"No","No","Yes","Yes","No",1,3," (Nb: value not an option listed in question defniition)",91,3,"",0,"",0,0,"",0,4,"",4,"",92.82,0,"",2688.5,1,"",0,"",2079.15,1,"",1.56,1,"",1,"",18.98,0,"",0,23,32,58,43,"2:1",""
"Royal College of Music, London",1,2,"Yes","Yes","Yes","Yes","Yes","Yes","Yes","Yes",2,0,0.5,0.5,0,8,7.6,0.5,0.5,0,0.5,0.5,0.5,0,0,0,1,1,0,2,2,0,0,0,0,"",0,"MISSINGDATA",0.5,0,0.5,0.5,"Yes ","Yes","Yes","Yes","No",1,"Yes","No","No","No","No","Yes","Yes","Yes","No","Yes","No","Yes","No",2,"No","No","No","No","No",0,0," (Nb: value not an option listed in question defniition)",0,0,"",0,"",0,0,"",0,5,"",3,"",59.03,2,"",128.28,2,"",2,"",1623.01,0,"",-52.96,1,"",1,"",19.38,0,"",0,26,34,45,22,"2:1",""
"Royal Holloway, University of London",1,2,"Yes","Yes","No","Yes","Yes","No","Yes","Yes",0,0,0,0,2,6,1.2,0.5,0.5,0,0.5,0.5,0,0.5,0.5,0,0,1,1,2,2,0,1,0,0.5,"Has achieved Fairtrade status",1,"",0.5,0,0,0,"No","No","No","No","No",0,"Yes","Yes","Yes","Yes","No","Yes","No","No","Yes","Yes","Yes","No","Yes",3,"No","No","Yes","No","No",0,0," (Nb: value not an option listed in question defniition)",0,0,"",0,"",0,0,"",0,2,"",0,"",19.95,2,"",127.85,2,"",2,"",1423.56,0,"",-5.26,2,"",2,"",10.54,0,"",0,24,30,72,57,"2:2",""
"Royal Veterinary College",1,2,"Yes","Yes","Yes","Yes","Yes","Yes","No","No",0,0,0,0,0,0,0,0.5,0.5,0,0.5,0.5,0,0.5,0,1,0,0,0,2,0,0,1,0,0,"Has achieved Fairtrade status",1,"",0,0,0.5,0.5,"Yes ","Yes","Yes","No","No",0.5,"No","Yes","No","No","No","Yes","No","No","No","No","Yes","No","No",1,"No","No","No","No","No",0,0," (Nb: value not an option listed in question defniition)",0,0,"",0,"",0,0,"",0,2,"",2,"",41.83,0,"",1070.69,0,"",0,"",3431.54,0,"",-57.29,2,"",0,"",44.56,2,"",2.7335,13,17,128,57,"Fail",""
"University of Salford",1,2,"No","Yes","Yes","No","Yes","No","No","Yes",0,0.6,1,0,2,6,1.2,0.5,0.5,0,0,0.5,0,0,0.5,2,0,0,0,2,2,0,0,0,0,"",0,"MISSINGDATA",0,0,0.5,0.5,"Yes ","Yes","Yes","No","No",0.5,"Yes","Yes","Yes","No","No","Yes","Yes","Yes","No","Yes","No","No","No",2,"No","No","Yes","No","Yes",1,0," (Nb: value not an option listed in question defniition)",0,0,"",0,"",0,0,"",0,3,"",1,"",26.54,2,"",129.27,7,"",4,"",739.45,3,"",13.23,4,"",4,"",4.16,0,"",0,21.5,35.5,39,122,"2:1",""
"The School of Pharmacy",1,2,"Yes","No","Yes","No","No","No","Yes","No",0,0.25,0,0,0,6,1.3,0,0,0,0.5,0,0,0,0,0,0,0,0,2,0,0,0,0,0,"",0,"MISSINGDATA",0,0,0,0,"Yes ","Yes","Yes","No","No",0.5,"No","Yes","Yes","No","No","No","No","No","No","No","No","No","No",0,"No","No","No","No","No",0,0," (Nb: value not an option listed in question defniition)",0,0,"",0,"",0,0,"",0,1,"",0,"",6.74,1,"",214.18,1,"",1,"",1722.07,0,"",-7.48,2,"",2,"",8.72,0,"",0,12,16,130,127,"Fail",""
"Scottish Agricultural College",1,2,"Yes","Yes","No","Yes","No","No","No","No",0,0,1,0,1,0,0,0,0.5,0,0,0.5,0,0,0,0,0,0,0,2,2,0,1,0,0,"",0,"No Fairtrade Data",0,0,0,0,"No","No","No","No","No",0,"No","No","No","No","No","No","No","No","Yes","Yes","Yes","Yes","No",1,"Yes","No","No","No","No",0,0,"ZERO",0,0,"",0,"No EMS data",0,0,"D38a_C01_energy_total:No EMS data, D72d_C01_energy_renewable:No EMS data",0,0,"",0,"D73_C01_waste_total:No EMS data, D73_C01a_waste_recycled:No EMS data, LY_D73_C1_waste_total:No EMS Last Year, LY_D73_C1_waste_recycled:No EMS Last Year",0,0,"D73_C01_waste_total:No EMS data, D04_C04_students_fte_teaching:No EMS data, D04_C07_students_fte_research:No EMS data, D05_C01_staff_fte:No EMS data, LY_D73_C1_waste_total:No EMS Last Year, LY_fte:No EMS Last Year",0,0,"",0,"D38c_C01_carbon_total:No EMS data, D04_C04_students_fte_teaching:No EMS data, D04_C07_students_fte_research:No EMS data, D05_C01_staff_fte:No EMS data, LY_fte:No EMS Last Year, LY_D38c_C1_carbon:No EMS Last Year",0,0,"D38c_C01_carbon_total:No EMS data, Baseline_2005_carbon:No 2005 baseline, LY_D38c_C1_carbon:No EMS Last Year",0,0,"",0,"D38b_C01_water_total:No EMS data, D04_C04_students_fte_teaching:No EMS data, D04_C07_students_fte_research:No EMS data, D05_C01_staff_fte:No EMS data, LY_fte:No EMS Last Year, LY_D38b_water_total:No EMS Last Year",0,0,"D38b_C01_water_total:No EMS data, D77a_C01_water_grey:No EMS data, LY_D77a_water_grey:No EMS Last Year, LY_D38b_water_total:No EMS Last Year",0,10,10,137,0,"Fail",""
"Sheffield Hallam University",1,2,"Yes","Yes","No","Yes","Yes","Yes","Yes","No",0,0,2,0,1,6,1,0.5,0.5,0,0.5,0.5,0.5,0,0.5,0,1,0,0,2,0,0,0,0,0,"Has achieved Fairtrade status",1,"",0,0,0.5,0.5,"Yes ","Yes","Yes","No","No",0.5,"Yes","Yes","Yes","Yes","Yes","Yes","Yes","Yes","Yes","Yes","Yes","Yes","Yes",3,"No","No","Yes","No","No",0,2," (Nb: value not an option listed in question defniition)",47,2,"",0,"",0,0,"",0,4,"",0,"",23.08,4,"",34.27,7,"",6,"",460.05,1,"",4.61,5,"",4,"",2.65,1,"",0.005,20.5,38.5,27,34,"1st",""
"University of Sheffield",1,2,"No","No","No","No","Yes","No","No","No",0,0.5,4,0,1,6,1.8,0,0.5,0,0.5,0.5,0,0,0,0,0,0,0,2,0,0,0,0,0,"Has achieved Fairtrade status",1,"",0,0.5,0,0,"No","Yes","Yes","No","No",0.5,"Yes","Yes","Yes","Yes","No","Yes","Yes","No","Yes","No","No","No","No",2,"No","No","No","No","No",0,0," (Nb: value not an option listed in question defniition)",0,0,"",0,"",0,0,"D38a_C01_energy_total:126679498, D72d_C01_energy_renewable:",0,4,"",4,"",87.75,0,"",649.08,2,"",2,"",1439.55,0,"",-13.19,1,"",1,"",13.8,0,"",0,16.5,23.5,111,86,"3rd",""
"School of Oriental And African Studies",1,0,"No","No","No","No","Yes","No","No","No",0,0.45,0,0,0,4,0.5,0,0.5,0,0,0,0,0,0,0,0,0,0,2,2,0,0,0,0,"",0,"MISSINGDATA",0,0,0,0,"Missing information","Yes","Yes","No","No",0.5,"Yes","Yes","Yes","No","No","Yes","Yes","No","No","Yes","No","No","No",2,"No","No","No","No","No",0,0," (Nb: value not an option listed in question defniition)",0,1,"",1,"",3912400,0,"",0,5,"",3,"",51.49,2,"",130.45,3,"",3,"",885.49,0,"",-53.59,4,"",4,"",4.82,0,"",0,12,25,105,107,"3rd",""
"London South Bank University",1,2,"Yes","Yes","Yes","Yes","Yes","Yes","Yes","Yes",2,0,0,0,2.5,4,0.8,0.5,0.5,0.5,0.5,0.5,0.5,0.5,0.5,4,0,0,0,2,1,0,0,0,0,"Has achieved Fairtrade status",1,"",0,0,0,0.5,"No","No","No","No","Yes",0.5,"Yes","Yes","Yes","Yes","Yes","Yes","No","Yes","No","No","No","No","No",2,"No","Yes","Yes","Yes","Yes",2,0," (Nb: value not an option listed in question defniition)",0,0,"",0,"",0,0,"",0,4,"",1,"",26.15,3,"",68.18,5,"",5,"",665.27,0,"",-7.36,3,"",3,"",7.2,0,"",0,26,38,28,20,"1st",""
"Southampton Solent University",1,2,"Yes","No","No","Yes","Yes","No","No","No",0,0,0,0,1,0,0.4,0.5,0.5,0,0.5,0.5,0,0,0.5,0,1,1,0,2,2,0,0,0,0,"Has achieved Fairtrade status",1,"",0,0,0,0,"Yes ","Yes","Yes","No","No",0.5,"Yes","Yes","Yes","Yes","Yes","No","No","Yes","Yes","Yes","Yes","No","Yes",3,"No","No","No","No","No",0,0," (Nb: value not an option listed in question defniition)",0,0,"",0,"",0,0,"",0,5,"",2,"",35.77,3,"",52.9,5,"",5,"",627.38,0,"",-21.31,3,"",3,"",6.93,0,"",0,16,29,78,111,"2:2",""
"University of Southampton",1,2,"No","Yes","Yes","No","Yes","No","No","No",0,0,3,0,2,6,1.7,0.5,0.5,0,0.5,0.5,0.5,0.5,0.5,2,0,0,0,0,2,0,0,0,0,"Has achieved Fairtrade status",1,"",0.5,0,0,0,"No","No","No","No","No",0,"No","Yes","Yes","Yes","No","No","No","Yes","Yes","No","No","Yes","No",2,"No","No","No","No","No",0,0," (Nb: value not an option listed in question defniition)",0,1,"",1,"",26794665,0,"",0,4,"",4,"",90.08,0,"",1300.38,6,"",2,"",1499.54,4,"",35.14,1,"",0,"",22.24,1,"",0.2843,20,32,58,63,"2:1",""
"University of St Andrews",1,2,"No","No","No","No","Yes","No","No","No",0,0,4,0,0,8,2.6,0,0.5,0,0.5,0.5,0,0,0.5,0,1,1,1,2,2,1,1,0,0,"Has achieved Fairtrade status",1,"",0.5,0,0,0.5,"Yes ","No","No","No","No",0,"No","Yes","No","Yes","Yes","Yes","Yes","Yes","No","No","Yes","Yes","No",3,"Yes","Yes","Yes","Yes","Yes",2,2," (Nb: value not an option listed in question defniition)",47,2,"",0,"",0,0,"",0,5,"",4,"",68.74,1,"",244.25,0,"",0,"",2682.73,0,"",-20.88,1,"",0,"",25.5,1,"",0.2813,29,37,31,32,"1st",""
"St George's, University of London",1,2,"Yes","Yes","No","No","No","No","No","Yes",0,0,1,0,1,8,3.6,0.5,0.5,0,0.5,0.5,0,0,0.5,0,0,1,0,0,0,0,0,0,0,"",0,"MISSINGDATA",0,0,0,0,"No","No","No","No","No",0,"No","No","No","No","No","Yes","No","No","No","No","Yes","Yes","No",1,"No","No","No","No","No",0,0," (Nb: value not an option listed in question defniition)",0,2,"",1,"",4742798,1,"",0.08,3,"",2,"",42.59,1,"",171,0,"",0,"",2984.17,0,"",-14.53,0,"",0,"",34.51,0,"",0,15.5,20.5,122,89,"3rd",""
"St Mary's University College, Twickenham",0,0,"No","No","No","No","No","No","No","No",0,0,0,0,0,0,0,0,0,0,0,0,0,0,0,0,0,0,0,0,0,0,0,0,0,"",0,"MISSINGDATA",0,0,0,0,"No","No","No","No","No",0,"No","No","No","No","No","No","No","No","No","No","No","No","No",0,"No","No","No","No","No",0,0," (Nb: value not an option listed in question defniition)",0,0,"",0,"",0,0,"",0,2,"",0,"",23.19,2,"",122.72,3,"",3,"",911.38,0,"D38c_C01_carbon_total:4099484, Baseline_2005_carbon:No 2005 baseline, LY_D38c_C1_carbon:4027301",0,3,"",3,"",7.56,0,"",0,0,0,0,0,"Did not sit exam",""
"Staffordshire University",1,2,"Yes","Yes","Yes","Yes","Yes","Yes","Yes","Yes",2,0,1,0.5,1,6,1,0.5,0.5,0,0.5,0.5,0.5,0.5,0.5,0,0,0,0,2,2,0,1,0,0,"Has achieved Fairtrade status",1,"",0,0,0.5,0,"Yes ","Yes","Yes","No","Yes",0.5,"Yes","No","Yes","No","No","No","Yes","No","No","Yes","Yes","Yes","No",2,"No","No","Yes","No","No",1,1," (Nb: value not an option listed in question defniition)",35,1,"",0,"",0,0,"",0,5,"",3,"",61.41,2,"",108.05,4,"",3,"",976.77,1,"",0.4,2,"",2,"",11.05,0,"",0,24.5,36.5,34,104,"2:1",""
"University of Stirling",1,2,"Yes","No","No","Yes","Yes","No","Yes","No",0,0,1,0,0,4,0.6,0.5,0.5,0,0.5,0.5,0,0,0.5,0,0,0,0,2,2,0,0,0,0,"",0,"MISSINGDATA",0,0,0,0,"No","No","Yes","No","No",0,"Yes","No","Yes","Yes","No","Yes","Yes","Yes","Yes","Yes","No","No","No",3,"No","No","No","No","No",0,0," (Nb: value not an option listed in question defniition)",0,0,"",0,"",0,0,"",0,4,"",1,"",28.43,3,"",78.86,1,"",1,"",1758.79,0,"",-0.63,0,"",0,"",31.21,0,"",0,16.5,21.5,118,101,"3rd",""
"University of Strathclyde",1,2,"Yes","Yes","Yes","Yes","Yes","Yes","Yes","Yes",2,0.75,1,0,1,4,0.9,0.5,0.5,0,0.5,0.5,0.5,0.5,0.5,0,0,1,0,2,2,0,0,0,0,"",0,"MISSINGDATA",0,0,0,0,"No","No","No","No","No",0,"Yes","Yes","Yes","Yes","No","Yes","Yes","No","No","Yes","No","No","Yes",3,"No","No","Yes","No","Yes",1,3," (Nb: value not an option listed in question defniition)",100,3,"",0,"",0,0,"",0,4,"",0,"",21.94,4,"",22.94,1,"",1,"",1806.03,0,"",-3.27,1,"",1,"",16.14,0,"",0,21.5,30.5,67,121,"2:2",""
"University of Sunderland",1,2,"Yes","Yes","Yes","No","No","No","Yes","No",0,0,1.25,0.33,1,6,1.2,0.5,0.5,0,0.5,0,0.5,0,0,0,0,1,0,2,2,0,1,0.5,0.5,"Has achieved Fairtrade status",1,"",0,0,0,0.5,"Yes ","Yes","Yes","No","No",0.5,"No","Yes","Yes","Yes","Yes","Yes","Yes","Yes","Yes","Yes","No","Yes","No",3,"No","No","Yes","No","No",0,0," (Nb: value not an option listed in question defniition)",0,0,"",0,"",0,0,"",0,5,"",4,"",69.2,1,"",182.6,4,"",3,"",936.84,1,"",4.98,3,"",3,"",6.74,0,"",0,23,35,41,77,"2:1",""
"University of Surrey",1,0,"Yes","No","Yes","No","Yes","No","No","No",0,0,1,0,1,4,0.8,0,0.5,0,0.5,0,0,0,0,0,1,0,0,0,0,0,1,0,0,"Has achieved Fairtrade status",1,"",0,0,0.5,0,"Yes ","No","No","No","No","Not yet assessed","No","Yes","Yes","Yes","No","Yes","Yes","No","No","Yes","No","Yes","No",2,"No","No","Yes","No","No",0,3," (Nb: value not an option listed in question defniition)",100,6,"",1,"",12301180,2,"",2.29,4,"",2,"",43.94,2,"",123.35,1,"",1,"",1772.89,0,"",-8.96,1,"",0,"",24.65,1,"",0.9029,11.5,23.5,111,65,"3rd",""
"University of Sussex",1,2,"No","No","Yes","No","Yes","No","Yes","No",0,0,2.25,0,1,6,1.5,0.5,0,0,0.5,0,0.5,0,0.5,3,0,0,0,2,0,0,0,0,0,"Has achieved Fairtrade status",1,"",0,0,0.5,0,"Yes ","Yes","Yes","No","No",0.5,"Yes","Yes","No","Yes","No","No","No","No","No","Yes","Yes","No","No",2,"No","No","No","No","No",0,2," (Nb: value not an option listed in question defniition)",57,3,"",1,"",11270058,0,"",0,4,"",4,"",97.88,0,"",4317.01,2,"",2,"",1620.07,0,"",-1.95,0,"",0,"",23.99,0,"",0,20,29,78,57,"2:2",""
"Swansea University",1,2,"Yes","Yes","Yes","Yes","Yes","Yes","No","No",0,0,0,0,1,0,0.4,0.5,0.5,0.5,0.5,0.5,0,0.5,0.5,3,0,0,0,0,0,0,0,0,0,"Has achieved Fairtrade status",1,"",0,0,0.5,0,"No","No","No","No","No",0,"Yes","Yes","Yes","No","No","No","No","No","No","No","No","No","No",1,"No","No","No","No","No",0,0," (Nb: value not an option listed in question defniition)",0,1,"",1,"",3558840,0,"",0,4,"",1,"",33.6,3,"",66.53,3,"",3,"",1181.05,0,"",-6.25,1,"",1,"",15.3,0,"",0,12,21,121,116,"3rd",""
"Swansea Metropolitan University",1,0,"No","Yes","Yes","No","No","No","No","No",0,0.5,0,0,0,4,0.5,0,0.5,0,0,0,0,0,0,3,0,0,0,0,0,0,0,0,0,"Has achieved Fairtrade status",1,"",0,0,0,0,"No","No","No","No","No",0,"No","Yes","Yes","No","No","Yes","No","No","No","No","No","Yes","Yes",2,"No","No","No","No","No",0,0," (Nb: value not an option listed in question defniition)",0,1,"",0,"",0,1,"",0.06,5,"",2,"",38.6,3,"",65.86,6,"",6,"",557.07,0,"",-3.63,4,"",4,"",3.69,0,"",0,11.5,27.5,91,22,"2:2",""
"Teesside University",1,2,"Yes","Yes","Yes","No","Yes","Yes","Yes","No",0,0,1.5,0,0,4,0.6,0.5,0.5,0,0.5,0.5,0,0,0.5,0,1,1,0,2,2,0,0,0,0,"Has achieved Fairtrade status",1,"",0,0,0,0,"No","No","No","No","No",0,"Yes","No","Yes","No","No","No","No","Yes","No","Yes","No","Yes","No",2,"No","No","No","No","Yes",0,0," (Nb: value not an option listed in question defniition)",0,0,"",0,"",0,0,"",0,4,"",0,"",19.13,4,"",44.02,5,"",5,"",657.23,0,"",-14.84,4,"",4,"",4.17,0,"",0,18.5,31.5,62,98,"2:1",""
"Thames Valley University",1,2,"Yes","Yes","Yes","Yes","Yes","Yes","Yes","Yes",2,0,0,0,0,0,0,0,0.5,0,0.5,0,0,0,0,0,0,1,0,0,0,0,0,0,0,"",0,"MISSINGDATA",0,0,0.5,0.5,"No","Yes","No","No","No",0,"No","No","Yes","No","Yes","No","Yes","No","No","No","No","No","No",0,"No","No","No","No","No",0,0," (Nb: value not an option listed in question defniition)",0,0,"",0,"",0,0,"",0,2,"",0,"",16.66,2,"",96.71,5,"",5,"",608.45,0,"",-11.04,4,"",4,"",4.47,0,"",0,8,19,123,119,"Fail",""
"University of The West of Scotland",1,2,"Yes","Yes","Yes","Yes","Yes","Yes","Yes","Yes",2,1.1,0,0,0,4,0.5,0.5,0.5,0,0.5,0.5,0.5,0.5,0.5,0,0,0,0,2,2,0,1,0,0,"",0,"MISSINGDATA",0,0,0,0,"No","Yes","Yes","No","No",0.5,"Yes","No","Yes","Yes","No","Yes","Yes","Yes","Yes","No","No","No","No",2,"No","No","Yes","Yes","Yes",1,2," (Nb: value not an option listed in question defniition)",83,2,"",0,"",0,0,"",0,5,"",3,"",59.82,2,"",128.31,3,"",3,"",853.05,0,"",-42.47,3,"",3,"",6.86,0,"",0,21,34,45,72,"2:1",""
"University of Wales, Trinity St. David",0,0,"Yes","Yes","No","No","No","Yes","Yes","No",0,0,0,0.5,0,8,2.1,0.5,0.5,0,0.5,0.5,0.5,0,0.5,3.5,0,0,0,0,0,0,0,0,0,"",0,"MISSINGDATA",0,0,0,0,"No","No","No","No","No",0,"No","No","No","No","No","No","No","No","No","No","No","No","No",0,"No","No","No","No","No",0,0," (Nb: value not an option listed in question defniition)",0,1,"",1,"",574219,0,"",0,7,"",4,"",77.14,3,"",50.35,5,"",1,"",1905.08,4,"",49.2,1,"",1,"",15.93,0,"",0,14.5,28.5,83,0,"2:2",""
"University of Central Lancashire",1,2,"Yes","Yes","Yes","Yes","Yes","Yes","Yes","Yes",2,1.6,3,0,0,6,1.5,0.5,0.5,0,0.5,0.5,0.5,0.5,0.5,4,0,0,0,2,2,0,0,0,0,"Has achieved Fairtrade status",1,"",0.5,0,0.5,0.5,"Yes ","Yes","Yes","No","No",0.5,"Yes","Yes","Yes","Yes","Yes","Yes","Yes","Yes","Yes","Yes","Yes","Yes","Yes",3,"Yes","Yes","Yes","Yes","Yes",2,2," (Nb: value not an option listed in question defniition)",65,4,"",1,"",147000,1,"",0.2,4,"",2,"",43.89,2,"",116.21,4,"",4,"",720.8,0,"",-3.58,3,"",3,"",5.49,0,"",0,30.5,45.5,7,4,"1st",""
"University College London",1,2,"Yes","No","Yes","No","Yes","No","No","No",0,0,1,0,1,4,0.7,0.5,0.5,0,0.5,0.5,0,0,0.5,2,1,1,1,2,0,1,1,0.5,0.5,"Has achieved Fairtrade status",1,"",0,0,0,0,"Yes ","Yes","Yes","Yes","No",1,"Yes","Yes","Yes","No","No","No","Yes","No","No","Yes","No","No","Yes",2,"Yes","Yes","Yes","No","No",1,0,"UNANSWERED",0,1,"",1,"",30854190,0,"",0,5,"",3,"",55.18,2,"",113.32,0,"",0,"",2536.45,0,"",-62.18,1,"",1,"",18.33,0,"",0,24.5,31.5,62,48,"2:1",""
"University of East London",1,2,"Yes","Yes","Yes","Yes","Yes","Yes","Yes","Yes",2,0,0,0,2,4,0.7,0,0.5,0,0.5,0.5,0,0,0.5,1,0,0,0,2,0,0,0,0,0,"",0,"MISSINGDATA",0,0,0,0,"No","No","No","No","No",0,"No","Yes","Yes","Yes","No","No","Yes","Yes","Yes","Yes","Yes","Yes","No",3,"No","No","Yes","No","No",0,0," (Nb: value not an option listed in question defniition)",0,1,"",0,"",0,1,"",0.05,4,"",4,"",96.16,0,"",670.04,9,"",6,"",533.44,3,"",11.82,3,"",3,"",5.99,0,"",0,17,34,45,63,"2:1",""
"University of Ulster",1,2,"Yes","Yes","Yes","Yes","Yes","Yes","Yes","Yes",2,0,3.1,0,1,6,1.4,0.5,0.5,0,0.5,0.5,0.5,0.5,0.5,0,1,0,0,2,0,1,1,0,0,"",0,"MISSINGDATA",0,0,0,0,"No","No","No","No","No",0,"Yes","No","Yes","No","No","Yes","Yes","Yes","No","Yes","No","Yes","No",2,"No","No","Yes","No","Yes",1,1," (Nb: value not an option listed in question defniition)",10,4,"",1,"",5494000,2,"",2.71,6,"",2,"",38.9,4,"",38.95,6,"",4,"",844.52,2,"",7.26,4,"",3,"",7.29,1,"",0.0031,22.5,42.5,18,104,"1st",""
"University College Birmingham",0,0,"No","No","No","No","No","No","No","No",0,0,0,0,0,0,0,0,0,0,0,0,0,0,0,0,0,0,0,0,0,0,0,0,0,"",0,"MISSINGDATA",0,0,0,0,"No","No","No","No","No",0,"No","No","No","No","No","No","No","No","No","No","No","No","No",0,"No","No","No","No","No",0,0," (Nb: value not an option listed in question defniition)",0,0,"",0,"",0,0,"",0,1,"",0,"",7.15,1,"",263.41,4,"",4,"",750.46,0,"",-17.02,2,"",2,"",11.9,0,"",0,0,0,0,0,"Did not sit exam",""
"University College Plymouth Marjon",1,0,"Yes","No","No","Yes","Yes","Yes","Yes","No",0,0,0,1,0,8,2.1,0,0.5,0,0,0,0,0,0.5,0,0,0,0,0,0,0,0,0,0,"",0,"MISSINGDATA",0,0,0,0,"No","No","No","No","No",0,"No","No","No","No","No","Yes","No","No","No","No","Yes","No","No",0,"No","No","Yes","No","No",0,0," (Nb: value not an option listed in question defniition)",0,0,"",0,"",0,0,"",0,2,"",0,"",21.79,2,"",113.21,8,"",4,"",808.89,4,"",30.74,2,"",2,"",11.58,0,"",0,10,22,117,133,"3rd",""
"University of The Arts, London",1,2,"Yes","No","Yes","No","Yes","No","No","No",0,0,0,0,1,0,0.3,0.5,0,0,0.5,0.5,0,0,0,0,0,1,0,0,2,0,0,0,0,"",0,"MISSINGDATA",0,0,0,0,"Yes ","No","Yes","No","No",0.5,"Yes","Yes","Yes","Yes","No","No","No","Yes","No","No","Yes","Yes","No",2,"Yes","No","No","Yes","No",1,0," (Nb: value not an option listed in question defniition)",0,0,"",0,"",0,0,"",0,7,"",4,"",64.84,3,"",80.72,5,"",5,"",603.23,0,"D38c_C01_carbon_total:13070207, Baseline_2005_carbon:No 2005 baseline, LY_D38c_C1_carbon:14041020.89",0,4,"",4,"",5,0,"",0,11,27,94,72,"2:2",""
"University Of Wales Institute, Cardiff",1,2,"Yes","Yes","Yes","Yes","Yes","No","Yes","No",0,0,1,0,1,6,1.1,0.5,0.5,0.5,0.5,0.5,0.5,0,0,0,1,1,0,2,2,0,0,0,0,"",0,"MISSINGDATA",0,0,0,0,"No","No","Yes","No","No",0,"No","Yes","Yes","Yes","Yes","Yes","Yes","No","No","Yes","No","Yes","No",3,"No","No","Yes","No","Yes",1,0," (Nb: value not an option listed in question defniition)",0,1,"",0,"",0,1,"",0.01,4,"",1,"",33.22,3,"",58.97,7,"",5,"",682.8,2,"",6.94,5,"",3,"",7.18,2,"",1.6118,22,39,24,70,"1st",""
"University of The West of England, Bristol",1,0,"Yes","No","Yes","Yes","Yes","No","No","No",0,0.6,6,0,1,8,2.5,0.5,0.5,0,0.5,0,0,0,0,1,0,0,0,2,0,0,0,0,0,"Has achieved Fairtrade status",1,"",0.5,0,0.5,0.5,"Yes ","No","Yes","No","Yes",0.5,"Yes","Yes","Yes","Yes","Yes","Yes","Yes","Yes","No","No","No","Yes","Yes",3,"No","No","Yes","Yes","Yes",1,1," (Nb: value not an option listed in question defniition)",35,2,"",0,"",0,1,"",0.01,5,"",2,"",42.6,3,"",72.64,6,"",6,"",588.48,0,"",-8.59,3,"",2,"",8.97,1,"",0.0215,20.5,36.5,34,17,"2:1",""
"University of Warwick",1,2,"Yes","Yes","Yes","Yes","Yes","Yes","Yes","No",0,0,2.5,0,1,6,1.2,0.5,0.5,0,0.5,0.5,0,0,0,0,0,0,0,2,2,0,0,0,0,"Has achieved Fairtrade status",1,"",0.5,0,0,0,"No","No","Yes","No","No",0,"Yes","Yes","Yes","Yes","Yes","Yes","Yes","Yes","Yes","Yes","Yes","Yes","No",3,"No","No","No","No","No",0,0,"ZERO",0,2,"",1,"",72933116,1,"",0.01,3,"",1,"",29.2,2,"",124.2,1,"",0,"",2054.41,1,"",2.09,1,"",0,"",26.41,1,"",0.0017,19.5,26.5,97,65,"2:2",""
"University of Westminster",1,0,"Yes","No","Yes","No","No","No","No","Yes",0,0.5,0.5,0,0,0,0.3,0,0.5,0,0.5,0,0,0,0,0,0,0,0,0,2,1,0,0,0,"",0,"MISSINGDATA",0,0,0,0,"Yes ","Yes","No","Yes","No",0.5,"No","Yes","Yes","Yes","Yes","No","No","Yes","No","No","Yes","Yes","No",2,"No","No","Yes","No","No",0,0,"ZERO",0,0,"",0,"",0,0,"D38a_C01_energy_total:44684781, D72d_C01_energy_renewable:",0,4,"",3,"",50.06,1,"",198.47,4,"",4,"",814.96,0,"",-23.64,3,"",3,"",7.86,0,"",0,7.5,18.5,126,77,"Fail",""
"University of Winchester",1,2,"Yes","Yes","Yes","Yes","No","Yes","Yes","No",0,0,0,0,1,6,1,0.5,0.5,0,0.5,0.5,0.5,0.5,0,0,1,1,0,2,2,0,1,0,0,"Has achieved Fairtrade status",1,"",0,0,0.5,0.5,"Yes ","Yes","Yes","Yes","Yes",1,"Yes","Yes","Yes","Yes","No","Yes","Yes","Yes","No","No","No","Yes","No",3,"Yes","No","Yes","No","Yes",1,3," (Nb: value not an option listed in question defniition)",92,3,"",0,"",0,0,"",0,5,"",3,"",52.19,2,"",87.38,4,"",4,"",721.85,0,"",-18.26,1,"",1,"",16.91,0,"",0,26,39,24,28,"1st",""
"University of Wolverhampton",1,2,"Yes","Yes","Yes","Yes","Yes","No","Yes","No",0,0,1,0.5,0,4,0.5,0.5,0.5,0,0,0,0,0,0,0,0,0,0,2,2,0,0,0,0,"Has achieved Fairtrade status",1,"",0,0,0,0,"No","No","Yes","No","No",0,"Yes","Yes","Yes","No","No","No","Yes","Yes","Yes","Yes","Yes","No","No",3,"No","No","No","No","No",0,0," (Nb: value not an option listed in question defniition)",0,1,"",1,"",149728,0,"",0,2,"",0,"",17.84,2,"",97.26,7,"",4,"",817.87,3,"",12.45,3,"",3,"",6.47,0,"",0,16,29,78,126,"2:2",""
"University of Worcester",1,2,"Yes","Yes","Yes","Yes","Yes","Yes","Yes","Yes",2,0.8,0,0,2,8,2.3,0.5,0.5,0,0.5,0.5,0.5,0.5,0.5,4,1,1,0,2,2,0,1,0,0,"Has achieved Fairtrade status",1,"",0.5,0,0.5,0.5,"Yes ","Yes","Yes","Yes","No",1,"No","Yes","Yes","Yes","Yes","Yes","Yes","No","Yes","Yes","Yes","Yes","No",3,"Yes","Yes","Yes","No","Yes",2,0," (Nb: value not an option listed in question defniition)",0,0,"",0,"",0,0,"",0,4,"",4,"",78.7,0,"",100660.59,5,"",5,"",708.3,0,"",-30.94,5,"",3,"",6.15,2,"",13.3004,36,50,3,17,"1st",""
"York St John University",1,0,"No","No","No","No","No","No","No","No",0,0,1,0,0,6,1.1,0,0,0,0,0,0,0,0,0,0,0,0,0,0,0,1,0,0,"",0,"MISSINGDATA",0,0,0,0,"Yes ","Yes","No","No","No",0.5,"Yes","No","No","No","No","No","No","No","No","No","No","No","No",0,"No","No","No","No","No",0,0," (Nb: value not an option listed in question defniition)",0,0,"",0,"",0,0,"",0,2,"",0,"",23.78,2,"",109.98,3,"",3,"",947.55,0,"",-7.2,2,"",2,"",11.91,0,"",0,8.5,15.5,131,101,"Fail",""
"University of York",1,2,"No","Yes","No","No","Yes","No","No","Yes",0,3,0,0,1,6,1.6,0.5,0.5,0,0.5,0,0,0,0.5,0,1,1,0,2,2,0,1,0.5,0,"Has achieved Fairtrade status",1,"",0,0,0,0,"No","No","No","No","No",0,"No","Yes","Yes","Yes","No","Yes","Yes","Yes","No","Yes","No","No","No",2,"No","No","No","No","No",0,0," (Nb: value not an option listed in question defniition)",0,1,"",1,"",11426341,0,"",0,5,"",2,"",43.07,3,"",64.36,2,"",1,"",1752.89,1,"",3.9,0,"",0,"",23.13,0,"",0,21.5,29.5,75,48,"2:2",""
"","","","","","","","","","","","","","","","","","","","","","","","","","","","","","","","","","","","","","","","","","","","","","","","","","","","","","","","","","","","","","","","","","","","","","","","","","","","","","","","","","","","","","","","","","","","","","","","","","","","","","","","","","","","","",""
"","","","","","","","","","","","","","","","","","","","","","","","","","","","","","","","","","","","","","","","","","","","","","","","","","","","","","","","","","","","","","","","","","","","","","","","","","","","","","","","","","","","","","","","","","","","","","","","","","","","","","","","","","","","","",""
"","","","","","","","","","","","","","","","","","","","","","","","","","","","","","","","","","","","","","","","","","","","","","","","","","","","","","","","","","","","","","","","","","","","","","","","","","","","","","","","","","","","","","","","","","","","","","","","","","","","","","","","","","","","","",""
"","","","","","","","","","","","","","","","","","","","","","","","","","","","","","","","","","","","","","","","","","","","","","","","","","","","","","","","","","","","","","","","","","","","","","","","","","","","","","","","","","","","","","","","","","","","","","","","","","","","","","","","","","","","","",""
"","","","","","","","","","","","","","","","","","","","","","","","","","","","","","","","","","","","","","","","","","","","","","","","","","","","","","","","","","","","","","","","","","","","","","","","","","","","","","","","","","","","","","","","","","","","","","","","","","","","","","","","","","","","","",""
"","","","","","","","","","","","","","","","","","","","","","","","","","","","","","","","","","","","","","","","","","","","","","","","","","","","","","","","","","","","","","","","","","","","","","","","","","","","","","","","","","","","","","","","","","","","","","","","","","","","","","","","","","","","","",""
"","","","","","","","","","","","","","","","","","","","","","","","","","","","","","","","","","","","","","","","","","","","","","","","","","","","","","","","","","","","","","","","","","","","","","","","","","","","","","","","","","","","","","","","","","","","","","","","","","","","","","","","","","","","","",""
"","","","","","","","","","","","","","","","","","","","","","","","","","","","","","","","","","","","","","","","","","","","","","","","","","","","","","","","","","","","","","","","","","","","","","","","","","","","","","","","","","","","","","","","","","","","","","","","","","","","","","","","","","","","","",""
"","","","","","","","","","","","","","","","","","","","","","","","","","","","","","","","","","","","","","","","","","","","","","","","","","","","","","","","","","","","","","","","","","","","","","","","","","","","","","","","","","","","","","","","","","","","","","","","","","","","","","","","","","","","","",""
"","","","","","","","","","","","","","","","","","","","","","","","","","","","","","","","","","","","","","","","","","","","","","","","","","","","","","","","","","","","","","","","","","","","","","","","","","","","","","","","","","","","","","","","","","","","","","","","","","","","","","","","","","","","","",""
"","","","","","","","","","","","","","","","","","","","","","","","","","","","","","","","","","","","","","","","","","","","","","","","","","","","","","","","","","","","","","","","","","","","","","","","","","","","","","","","","","","","","","","","","","","","","","","","","","","","","","","","","","","","","",""
"","","","","","","","","","","","","","","","","","","","","","","","","","","","","","","","","","","","","","","","","","","","","","","","","","","","","","","","","","","","","","","","","","","","","","","","","","","","","","","","","","","","","","","","","","","","","","","","","","","","","","","","","","","","","",""
"","","","","","","","","","","","","","","","","","","","","","","","","","","","","","","","","","","","","","","","","","","","","","","","","","","","","","","","","","","","","","","","","","","","","","","","","","","","","","","","","","","","","","","","","","","","","","","","","","","","","","","","","","","","","",""
"","","","","","","","","","","","","","","","","","","","","","","","","","","","","","","","","","","","","","","","","","","","","","","","","","","","","","","","","","","","","","","","","","","","","","","","","","","","","","","","","","","","","","","","","","","","","","","","","","","","","","","","","","","","","",""
"","","","","","","","","","","","","","","","","","","","","","","","","","","","","","","","","","","","","","","","","","","","","","","","","","","","","","","","","","","","","","","","","","","","","","","","","","","","","","","","","","","","","","","","","","","","","","","","","","","","","","","","","","","","","",""
"","","","","","","","","","","","","","","","","","","","","","","","","","","","","","","","","","","","","","","","","","","","","","","","","","","","","","","","","","","","","","","","","","","","","","","","","","","","","","","","","","","","","","","","","","","","","","","","","","","","","","","","","","","","","",""
"","","","","","","","","","","","","","","","","","","","","","","","","","","","","","","","","","","","","","","","","","","","","","","","","","","","","","","","","","","","","","","","","","","","","","","","","","","","","","","","","","","","","","","","","","","","","","","","","","","","","","","","","","","","","",""
"","","","","","","","","","","","","","","","","","","","","","","","","","","","","","","","","","","","","","","","","","","","","","","","","","","","","","","","","","","","","","","","","","","","","","","","","","","","","","","","","","","","","","","","","","","","","","","","","","","","","","","","","","","","","",""
"","","","","","","","","","","","","","","","","","","","","","","","","","","","","","","","","","","","","","","","","","","","","","","","","","","","","","","","","","","","","","","","","","","","","","","","","","","","","","","","","","","","","","","","","","","","","","","","","","","","","","","","","","","","","",""
"","","","","","","","","","","","","","","","","","","","","","","","","","","","","","","","","","","","","","","","","","","","","","","","","","","","","","","","","","","","","","","","","","","","","","","","","","","","","","","","","","","","","","","","","","","","","","","","","","","","","","","","","","","","","",""
"","","","","","","","","","","","","","","","","","","","","","","","","","","","","","","","","","","","","","","","","","","","","","","","","","","","","","","","","","","","","","","","","","","","","","","","","","","","","","","","","","","","","","","","","","","","","","","","","","","","","","","","","","","","","",""
"","","","","","","","","","","","","","","","","","","","","","","","","","","","","","","","","","","","","","","","","","","","","","","","","","","","","","","","","","","","","","","","","","","","","","","","","","","","","","","","","","","","","","","","","","","","","","","","","","","","","","","","","","","","","",""
"","","","","","","","","","","","","","","","","","","","","","","","","","","","","","","","","","","","","","","","","","","","","","","","","","","","","","","","","","","","","","","","","","","","","","","","","","","","","","","","","","","","","","","","","","","","","","","","","","","","","","","","","","","","","",""
"","","","","","","","","","","","","","","","","","","","","","","","","","","","","","","","","","","","","","","","","","","","","","","","","","","","","","","","","","","","","","","","","","","","","","","","","","","","","","","","","","","","","","","","","","","","","","","","","","","","","","","","","","","","","",""
"","","","","","","","","","","","","","","","","","","","","","","","","","","","","","","","","","","","","","","","","","","","","","","","","","","","","","","","","","","","","","","","","","","","","","","","","","","","","","","","","","","","","","","","","","","","","","","","","","","","","","","","","","","","","",""
"","","","","","","","","","","","","","","","","","","","","","","","","","","","","","","","","","","","","","","","","","","","","","","","","","","","","","","","","","","","","","","","","","","","","","","","","","","","","","","","","","","","","","","","","","","","","","","","","","","","","","","","","","","","","",""
"","","","","","","","","","","","","","","","","","","","","","","","","","","","","","","","","","","","","","","","","","","","","","","","","","","","","","","","","","","","","","","","","","","","","","","","","","","","","","","","","","","","","","","","","","","","","","","","","","","","","","","","","","","","","",""
"","","","","","","","","","","","","","","","","","","","","","","","","","","","","","","","","","","","","","","","","","","","","","","","","","","","","","","","","","","","","","","","","","","","","","","","","","","","","","","","","","","","","","","","","","","","","","","","","","","","","","","","","","","","","",""
"","","","","","","","","","","","","","","","","","","","","","","","","","","","","","","","","","","","","","","","","","","","","","","","","","","","","","","","","","","","","","","","","","","","","","","","","","","","","","","","","","","","","","","","","","","","","","","","","","","","","","","","","","","","","",""
"","","","","","","","","","","","","","","","","","","","","","","","","","","","","","","","","","","","","","","","","","","","","","","","","","","","","","","","","","","","","","","","","","","","","","","","","","","","","","","","","","","","","","","","","","","","","","","","","","","","","","","","","","","","","",""
"","","","","","","","","","","","","","","","","","","","","","","","","","","","","","","","","","","","","","","","","","","","","","","","","","","","","","","","","","","","","","","","","","","","","","","","","","","","","","","","","","","","","","","","","","","","","","","","","","","","","","","","","","","","","",""
"","","","","","","","","","","","","","","","","","","","","","","","","","","","","","","","","","","","","","","","","","","","","","","","","","","","","","","","","","","","","","","","","","","","","","","","","","","","","","","","","","","","","","","","","","","","","","","","","","","","","","","","","","","","","",""
"","","","","","","","","","","","","","","","","","","","","","","","","","","","","","","","","","","","","","","","","","","","","","","","","","","","","","","","","","","","","","","","","","","","","","","","","","","","","","","","","","","","","","","","","","","","","","","","","","","","","","","","","","","","","",""
"","","","","","","","","","","","","","","","","","","","","","","","","","","","","","","","","","","","","","","","","","","","","","","","","","","","","","","","","","","","","","","","","","","","","","","","","","","","","","","","","","","","","","","","","","","","","","","","","","","","","","","","","","","","","",""
"","","","","","","","","","","","","","","","","","","","","","","","","","","","","","","","","","","","","","","","","","","","","","","","","","","","","","","","","","","","","","","","","","","","","","","","","","","","","","","","","","","","","","","","","","","","","","","","","","","","","","","","","","","","","",""
"","","","","","","","","","","","","","","","","","","","","","","","","","","","","","","","","","","","","","","","","","","","","","","","","","","","","","","","","","","","","","","","","","","","","","","","","","","","","","","","","","","","","","","","","","","","","","","","","","","","","","","","","","","","","",""
"","","","","","","","","","","","","","","","","","","","","","","","","","","","","","","","","","","","","","","","","","","","","","","","","","","","","","","","","","","","","","","","","","","","","","","","","","","","","","","","","","","","","","","","","","","","","","","","","","","","","","","","","","","","","",""
"","","","","","","","","","","","","","","","","","","","","","","","","","","","","","","","","","","","","","","","","","","","","","","","","","","","","","","","","","","","","","","","","","","","","","","","","","","","","","","","","","","","","","","","","","","","","","","","","","","","","","","","","","","","","",""
"","","","","","","","","","","","","","","","","","","","","","","","","","","","","","","","","","","","","","","","","","","","","","","","","","","","","","","","","","","","","","","","","","","","","","","","","","","","","","","","","","","","","","","","","","","","","","","","","","","","","","","","","","","","","",""
"","","","","","","","","","","","","","","","","","","","","","","","","","","","","","","","","","","","","","","","","","","","","","","","","","","","","","","","","","","","","","","","","","","","","","","","","","","","","","","","","","","","","","","","","","","","","","","","","","","","","","","","","","","","","",""
"","","","","","","","","","","","","","","","","","","","","","","","","","","","","","","","","","","","","","","","","","","","","","","","","","","","","","","","","","","","","","","","","","","","","","","","","","","","","","","","","","","","","","","","","","","","","","","","","","","","","","","","","","","","","",""
"","","","","","","","","","","","","","","","","","","","","","","","","","","","","","","","","","","","","","","","","","","","","","","","","","","","","","","","","","","","","","","","","","","","","","","","","","","","","","","","","","","","","","","","","","","","","","","","","","","","","","","","","","","","","",""
"","","","","","","","","","","","","","","","","","","","","","","","","","","","","","","","","","","","","","","","","","","","","","","","","","","","","","","","","","","","","","","","","","","","","","","","","","","","","","","","","","","","","","","","","","","","","","","","","","","","","","","","","","","","","",""
"","","","","","","","","","","","","","","","","","","","","","","","","","","","","","","","","","","","","","","","","","","","","","","","","","","","","","","","","","","","","","","","","","","","","","","","","","","","","","","","","","","","","","","","","","","","","","","","","","","","","","","","","","","","","",""
"","","","","","","","","","","","","","","","","","","","","","","","","","","","","","","","","","","","","","","","","","","","","","","","","","","","","","","","","","","","","","","","","","","","","","","","","","","","","","","","","","","","","","","","","","","","","","","","","","","","","","","","","","","","","",""
"","","","","","","","","","","","","","","","","","","","","","","","","","","","","","","","","","","","","","","","","","","","","","","","","","","","","","","","","","","","","","","","","","","","","","","","","","","","","","","","","","","","","","","","","","","","","","","","","","","","","","","","","","","","","",""
"","","","","","","","","","","","","","","","","","","","","","","","","","","","","","","","","","","","","","","","","","","","","","","","","","","","","","","","","","","","","","","","","","","","","","","","","","","","","","","","","","","","","","","","","","","","","","","","","","","","","","","","","","","","","",""
"","","","","","","","","","","","","","","","","","","","","","","","","","","","","","","","","","","","","","","","","","","","","","","","","","","","","","","","","","","","","","","","","","","","","","","","","","","","","","","","","","","","","","","","","","","","","","","","","","","","","","","","","","","","","",""
"","","","","","","","","","","","","","","","","","","","","","","","","","","","","","","","","","","","","","","","","","","","","","","","","","","","","","","","","","","","","","","","","","","","","","","","","","","","","","","","","","","","","","","","","","","","","","","","","","","","","","","","","","","","","",""
"","","","","","","","","","","","","","","","","","","","","","","","","","","","","","","","","","","","","","","","","","","","","","","","","","","","","","","","","","","","","","","","","","","","","","","","","","","","","","","","","","","","","","","","","","","","","","","","","","","","","","","","","","","","","",""
"","","","","","","","","","","","","","","","","","","","","","","","","","","","","","","","","","","","","","","","","","","","","","","","","","","","","","","","","","","","","","","","","","","","","","","","","","","","","","","","","","","","","","","","","","","","","","","","","","","","","","","","","","","","","",""
"","","","","","","","","","","","","","","","","","","","","","","","","","","","","","","","","","","","","","","","","","","","","","","","","","","","","","","","","","","","","","","","","","","","","","","","","","","","","","","","","","","","","","","","","","","","","","","","","","","","","","","","","","","","","",""
"","","","","","","","","","","","","","","","","","","","","","","","","","","","","","","","","","","","","","","","","","","","","","","","","","","","","","","","","","","","","","","","","","","","","","","","","","","","","","","","","","","","","","","","","","","","","","","","","","","","","","","","","","","","","",""
"","","","","","","","","","","","","","","","","","","","","","","","","","","","","","","","","","","","","","","","","","","","","","","","","","","","","","","","","","","","","","","","","","","","","","","","","","","","","","","","","","","","","","","","","","","","","","","","","","","","","","","","","","","","","",""
